campaign,campaign_id,name_has_plus
D-LC-SP-100 percent linen curtains-(Linen)-HSV-Exact-Conv-DO-LINEN-CURTAIN-52x84-NATURAL-2-PCS,246809318711073,False
D-LC-SP-108 linen curtains 2 panel set-(Linen)-LSV-Exact-Conv-DO-LINEN-CURTAIN-52x108-BEIGE-2-PCS,119801930009472,False
D-LC-SP-120 inch linen curtains-(Linen)-MSV-Exact-Conv-DO-LINEN-CURTAIN-52x120-LINEN-2-PCS,188681603054455,False
D-LC-SP-52 inch blackout curtains-(Blackout)-LSV-Exact-Conv-DO-LINEN-CURTAIN-52x96-NATURAL-2-PCS,239086325660463,False
D-LC-SP-63 inch blackout curtains 2 panel set-(Blackout)-LSV-Exact-Conv-DO-LINEN-CURTAIN-52x63-LINEN-2-PCS,152902636904074,False
D-LC-SP-63 inch curtains blackout-(Blackout)-LSV-Exact-Conv-DO-LINEN-CURTAIN-52x63-LINEN-2-PCS,168855784342674,False
D-LC-SP-72 blackout curtains 2 panel set-(Blackout)-LSV-Exact-Conv-DO-LINEN-CURTAIN-52x72-LIGHT-BEIGE-2-PCS,75667954302920,False
D-LC-SP-72 wide blackout curtains-(Blackout)-MSV-Exact-Conv-DO-LINEN-CURTAIN-52x72-LIGHT-BEIGE-2-PCS,148534951725174,False
D-LC-SP-96 inch faux linen curtains 2 panel-(Linen)-LSV-Exact-Conv-DO-LINEN-CURTAIN-52x96-BEIGE-2-PCS,151285604944967,False
D-LC-SP-B0F6366Z7N-Exact-Def-DO-LINEN-CURTAIN-52x96-NATURAL-2-PCS,152426759167170,False
D-LC-SP-B0F6371Q67-Exact-Def-DO-LINEN-CURTAIN-52x108-BEIGE-2-PCS,136720262612727,False
D-LC-SP-B0F6381MZ1-Exact-Def-DO-LINEN-CURTAIN-52x63-LINEN-2-PCS,238699151815210,False
D-LC-SP-B0F6392CDG-Exact-Def-DO-LINEN-CURTAIN-52x96-IVORY-2-PCS,154523704593607,False
D-LC-SP-B0F639CWS1-Exact-Def-DO-LINEN-CURTAIN-52x84-NATURAL-2-PCS,124101735701689,False
D-LC-SP-BROAD-RAN-DO-(Curtains)-(LINEN-CURTAIN-52x90-LINEN-2-PCS)-(curtains 90 inch long),66221984249201,False
D-LC-SP-BROAD-RAN-DO-(Curtains)-(LINEN-CURTAIN-52x96-LINEN-2-PCS)-(96 curtains 2 panel set),40205263587865,False
D-LC-SP-BROAD-RAN-DO-(Curtains)-(LINEN-CURTAIN-52x96-LINEN-2-PCS)-(curtain 96 inch long),243712707303204,False
D-LC-SP-BROAD-RAN-DO-(Curtains|Blackout)-(LINEN-CURTAIN-52x84-IVORY-2-PCS)-(ivory curtains blackout),43191694256890,False
D-LC-SP-BROAD-RAN-DO-(Curtains|Blackout)-(LINEN-CURTAIN-52x90-LIGHT-BEIGE-2-PCS)-(light beige blackout curtains),64289593238423,False
D-LC-SP-BROAD-RAN-DO-(Curtains|Blackout)-(LINEN-CURTAIN-52x90-LIGHT-GREY-2-PCS)-(90 blackout curtains),227563825359904,False
D-LC-SP-BROAD-RAN-DO-(Curtains|Blackout)-(LINEN-CURTAIN-52x90-LIGHT-GREY-2-PCS)-(90 inch blackout curtains),24995047999132,False
D-LC-SP-BROAD-RAN-DO-(Curtains|Blackout)-(LINEN-CURTAIN-52x90-LINEN-2-PCS)-(blackout curtains 90 inch long),136885228525617,False
D-LC-SP-BROAD-RAN-DO-(Curtains|Blackout)-(LINEN-CURTAIN-52x96-BEIGE-2-PCS)-(blackout curtains 96),46278384896707,False
D-LC-SP-BROAD-RAN-DO-(Curtains|Blackout)-(LINEN-CURTAIN-52x96-IVORY-2-PCS)-(ivory blackout curtains 96 inch long),103307021229346,False
D-LC-SP-BROAD-RAN-DO-(Curtains|Blackout|Bedroom)-(52x108-LIGHT-GREY-2-PCS)-(blackout curtains for bedroom 108 inch long),202149163556179,False
D-LC-SP-BROAD-RAN-DO-(Curtains|Blackout|Bedroom)-(LINEN-CURTAIN-52x90-BEIGE-2-PCS)-(beige blackout curtains for bedroom),161256722356507,False
D-LC-SP-BROAD-RAN-DO-(Curtains|Room Darkening)-(LINEN-CURTAIN-52x96-LINEN-2-PCS)-(room darkening curtains 96 inch long),130848775277141,False
D-LC-SP-BROAD-RAN-DO-(Linen|Curtains)-(LINEN-CURTAIN-52x108-IVORY-2-PCS)-(linen curtains 108 inch long),176093126020882,False
D-LC-SP-BROAD-RAN-DO-(Linen|Curtains)-(LINEN-CURTAIN-52x108-LIGHT-GREY-2-PCS)-(108 inch curtains linen),55709571566761,False
D-LC-SP-BROAD-RAN-DO-(Linen|Curtains)-(LINEN-CURTAIN-52x108-LIGHT-GREY-2-PCS)-(108 inch linen curtains),231430258861869,False
D-LC-SP-BROAD-RAN-DO-(Linen|Curtains)-(LINEN-CURTAIN-52x90-BEIGE-2-PCS)-(linen beige curtains),280540478601537,False
D-LC-SP-BROAD-RAN-DO-(Linen|Curtains)-(LINEN-CURTAIN-52x90-LIGHT-GREY-2-PCS)-(linen curtains 90 inch long),52816780178090,False
D-LC-SP-BROAD-RAN-DO-(Linen|Curtains|Blackout)-(LINEN-CURTAIN-52x108-LIGHT-GREY-2-PCS)-(linen blackout curtains 108 inch long),101891957753478,False
D-LC-SP-BROAD-RAN-DO-(Linen|Curtains|Blackout)-(LINEN-CURTAIN-52x84-LIGHT-BEIGE-2-PCS)-(blackout linen curtains 84 inch long),186495612498167,False
D-LC-SP-BROAD-RAN-DO-(Linen|Curtains|Blackout)-(LINEN-CURTAIN-52x84-NATURAL-2-PCS)-(natural linen blackout curtains),37194212035644,False
D-LC-SP-BROAD-RAN-DO-(Linen|Curtains|Blackout)-(LINEN-CURTAIN-52x90-BEIGE-2-PCS)-(beige linen blackout curtains),248511368436936,False
D-LC-SP-BROAD-RAN-DO-(Linen|Curtains|Blackout)-(LINEN-CURTAIN-52x90-LINEN-2-PCS)-(linen blackout curtains 90 inch long),50792400213954,False
D-LC-SP-BROAD-RAN-DO-(Linen|Curtains|Blackout)-(LINEN-CURTAIN-52x96-LINEN-2-PCS)-(linen blackout curtains 96 inch long),124671648240262,False
D-LC-SP-EXACT-RAN-DO-(Curtains|Blackout)-(LINEN-CURTAIN-52x108-IVORY-2-PCS)-(108 blackout curtains 2 panel set),208148079717031,False
D-LC-SP-EXACT-RAN-DO-(Curtains|Blackout)-(LINEN-CURTAIN-52x108-IVORY-2-PCS)-(108 inch blackout curtains),1805975811172,False
D-LC-SP-EXACT-RAN-DO-(Curtains|Blackout)-(LINEN-CURTAIN-52x108-IVORY-2-PCS)-(108 inch curtains blackout),195020976244880,False
D-LC-SP-EXACT-RAN-DO-(Curtains|Blackout)-(LINEN-CURTAIN-52x108-IVORY-2-PCS)-(blackout curtains 108 inches long),17925870532902,False
D-LC-SP-EXACT-RAN-DO-(Curtains|Blackout)-(LINEN-CURTAIN-52x120-NATURAL-2-PCS)-(120 blackout curtains),3476941771368,False
D-LC-SP-EXACT-RAN-DO-(Curtains|Blackout)-(LINEN-CURTAIN-52x120-NATURAL-2-PCS)-(120 inch blackout curtains),183956846095465,False
D-LC-SP-EXACT-RAN-DO-(Curtains|Blackout)-(LINEN-CURTAIN-52x120-NATURAL-2-PCS)-(120 inch curtains blackout),56351496741384,False
D-LC-SP-EXACT-RAN-DO-(Curtains|Blackout)-(LINEN-CURTAIN-52x120-NATURAL-2-PCS)-(blackout curtains 120 inches long),97796116741064,False
D-LC-SP-EXACT-RAN-DO-(Curtains|Blackout)-(LINEN-CURTAIN-52x63-BEIGE-2-PCS)-(beige blackout curtains 63 inch length),128769618952743,False
D-LC-SP-EXACT-RAN-DO-(Curtains|Blackout)-(LINEN-CURTAIN-52x63-LINEN-2-PCS)-(52 x 63 blackout curtains),39686822274319,False
D-LC-SP-EXACT-RAN-DO-(Curtains|Blackout)-(LINEN-CURTAIN-52x63-LINEN-2-PCS)-(52x63 blackout curtains 2 panels),20222249798976,False
D-LC-SP-EXACT-RAN-DO-(Curtains|Blackout)-(LINEN-CURTAIN-52x63-LINEN-2-PCS)-(63 inch blackout curtains),95477499665189,False
D-LC-SP-EXACT-RAN-DO-(Curtains|Blackout)-(LINEN-CURTAIN-52x63-LINEN-2-PCS)-(blackout curtains 52x63),71091187942595,False
D-LC-SP-EXACT-RAN-DO-(Curtains|Blackout)-(LINEN-CURTAIN-52x63-LINEN-2-PCS)-(blackout curtains 60+ inches long),52818844241918,True
D-LC-SP-EXACT-RAN-DO-(Curtains|Blackout)-(LINEN-CURTAIN-52x63-LINEN-2-PCS)-(blackout curtains 63 inch length 2 panels set),215957993485364,False
D-LC-SP-EXACT-RAN-DO-(Curtains|Blackout)-(LINEN-CURTAIN-52x63-LINEN-2-PCS)-(blackout curtains 63 inch length),32528748782801,False
D-LC-SP-EXACT-RAN-DO-(Curtains|Blackout)-(LINEN-CURTAIN-52x63-LINEN-2-PCS)-(blackout curtains 63),501208548099,False
D-LC-SP-EXACT-RAN-DO-(Curtains|Blackout)-(LINEN-CURTAIN-52x63-LINEN-2-PCS)-(curtains blackout 63 inch length),47225892179660,False
D-LC-SP-EXACT-RAN-DO-(Curtains|Blackout)-(LINEN-CURTAIN-52x72-LIGHT-BEIGE-2-PCS)-(52 x 72 blackout curtains),61239527397890,False
D-LC-SP-EXACT-RAN-DO-(Curtains|Blackout)-(LINEN-CURTAIN-52x72-LIGHT-BEIGE-2-PCS)-(52x72 blackout curtains 2 panels),67046032552687,False
D-LC-SP-EXACT-RAN-DO-(Curtains|Blackout)-(LINEN-CURTAIN-52x72-LIGHT-BEIGE-2-PCS)-(52x72 blackout curtains),57645979608306,False
D-LC-SP-EXACT-RAN-DO-(Curtains|Blackout)-(LINEN-CURTAIN-52x72-LIGHT-BEIGE-2-PCS)-(72 blackout curtains),211292759114427,False
D-LC-SP-EXACT-RAN-DO-(Curtains|Blackout)-(LINEN-CURTAIN-52x72-LIGHT-BEIGE-2-PCS)-(72 inch blackout curtains 2 panel set),244131083271480,False
D-LC-SP-EXACT-RAN-DO-(Curtains|Blackout)-(LINEN-CURTAIN-52x72-LIGHT-BEIGE-2-PCS)-(72 inch blackout curtains),265572301282431,False
D-LC-SP-EXACT-RAN-DO-(Curtains|Blackout)-(LINEN-CURTAIN-52x72-LIGHT-BEIGE-2-PCS)-(72 inch curtains blackout),154218434405522,False
D-LC-SP-EXACT-RAN-DO-(Curtains|Blackout)-(LINEN-CURTAIN-52x72-LIGHT-BEIGE-2-PCS)-(blackout curtains 52x72),135978808781985,False
D-LC-SP-EXACT-RAN-DO-(Curtains|Blackout)-(LINEN-CURTAIN-52x72-LIGHT-BEIGE-2-PCS)-(blackout curtains 72 inch length 2 panels set),277924395053029,False
D-LC-SP-EXACT-RAN-DO-(Curtains|Blackout)-(LINEN-CURTAIN-52x72-LIGHT-BEIGE-2-PCS)-(blackout curtains 72 inch length),244873792151274,False
D-LC-SP-EXACT-RAN-DO-(Curtains|Blackout)-(LINEN-CURTAIN-52x72-LIGHT-BEIGE-2-PCS)-(blackout curtains 72 inches long),222476261699250,False
D-LC-SP-EXACT-RAN-DO-(Curtains|Blackout)-(LINEN-CURTAIN-52x72-LIGHT-BEIGE-2-PCS)-(blackout curtains 72),131091534666987,False
D-LC-SP-EXACT-RAN-DO-(Curtains|Blackout)-(LINEN-CURTAIN-52x72-LIGHT-BEIGE-2-PCS)-(curtains blackout 72 inch length),18487156411425,False
D-LC-SP-EXACT-RAN-DO-(Curtains|Blackout)-(LINEN-CURTAIN-52x72-LIGHT-BEIGE-2-PCS)-(thermal blackout curtains 72 inches long),41416811587688,False
D-LC-SP-EXACT-RAN-DO-(Curtains|Blackout)-(LINEN-CURTAIN-52x72-LIGHT-BEIGE-2-PCS)-(thermal insulated blackout curtains 72 inch),37315956130773,False
D-LC-SP-EXACT-RAN-DO-(Curtains|Blackout)-(LINEN-CURTAIN-52x84-BEIGE-2-PCS)-(beige blackout curtains 84 inches long),61205526227060,False
D-LC-SP-EXACT-RAN-DO-(Curtains|Blackout)-(LINEN-CURTAIN-52x84-IVORY-2-PCS)-(ivory blackout curtains 84 inches long),179755895703707,False
D-LC-SP-EXACT-RAN-DO-(Curtains|Blackout)-(LINEN-CURTAIN-52x84-NATURAL-2-PCS)-(52 x 84 blackout curtains),271668185781491,False
D-LC-SP-EXACT-RAN-DO-(Curtains|Blackout)-(LINEN-CURTAIN-52x84-NATURAL-2-PCS)-(52x84 blackout curtains 2 panels),163990453223729,False
D-LC-SP-EXACT-RAN-DO-(Curtains|Blackout)-(LINEN-CURTAIN-52x84-NATURAL-2-PCS)-(84 blackout curtains 2 panel set),73758698732600,False
D-LC-SP-EXACT-RAN-DO-(Curtains|Blackout)-(LINEN-CURTAIN-52x84-NATURAL-2-PCS)-(84 blackout curtains),268127800638181,False
D-LC-SP-EXACT-RAN-DO-(Curtains|Blackout)-(LINEN-CURTAIN-52x84-NATURAL-2-PCS)-(84 in blackout curtains),40823876040440,False
D-LC-SP-EXACT-RAN-DO-(Curtains|Blackout)-(LINEN-CURTAIN-52x84-NATURAL-2-PCS)-(84 inch blackout curtains 2 panel set),33121940866896,False
D-LC-SP-EXACT-RAN-DO-(Curtains|Blackout)-(LINEN-CURTAIN-52x84-NATURAL-2-PCS)-(84 inch blackout curtains),226864956021900,False
D-LC-SP-EXACT-RAN-DO-(Curtains|Blackout)-(LINEN-CURTAIN-52x84-NATURAL-2-PCS)-(84 inch curtains blackout),131699454338168,False
D-LC-SP-EXACT-RAN-DO-(Curtains|Blackout)-(LINEN-CURTAIN-52x84-NATURAL-2-PCS)-(84in blackout curtains),112407160653477,False
D-LC-SP-EXACT-RAN-DO-(Curtains|Blackout)-(LINEN-CURTAIN-52x84-NATURAL-2-PCS)-(best blackout curtains),249644952885308,False
D-LC-SP-EXACT-RAN-DO-(Curtains|Blackout)-(LINEN-CURTAIN-52x84-NATURAL-2-PCS)-(blackout curtains 52x84),169279734203625,False
D-LC-SP-EXACT-RAN-DO-(Curtains|Blackout)-(LINEN-CURTAIN-52x84-NATURAL-2-PCS)-(blackout curtains 84 inch 2 panels),117722376305304,False
D-LC-SP-EXACT-RAN-DO-(Curtains|Blackout)-(LINEN-CURTAIN-52x84-NATURAL-2-PCS)-(blackout curtains 84 inch length),159001805149480,False
D-LC-SP-EXACT-RAN-DO-(Curtains|Blackout)-(LINEN-CURTAIN-52x84-NATURAL-2-PCS)-(blackout curtains 84 inches long 2 panels set),265568594515658,False
D-LC-SP-EXACT-RAN-DO-(Curtains|Blackout)-(LINEN-CURTAIN-52x84-NATURAL-2-PCS)-(blackout curtains 84 inches long),97042991779398,False
D-LC-SP-EXACT-RAN-DO-(Curtains|Blackout)-(LINEN-CURTAIN-52x84-NATURAL-2-PCS)-(blackout curtains 84 inches),89160915488281,False
D-LC-SP-EXACT-RAN-DO-(Curtains|Blackout)-(LINEN-CURTAIN-52x84-NATURAL-2-PCS)-(blackout curtains 84),58784480772247,False
D-LC-SP-EXACT-RAN-DO-(Curtains|Blackout)-(LINEN-CURTAIN-52x84-NATURAL-2-PCS)-(blackout curtains farmhouse),24615459517605,False
D-LC-SP-EXACT-RAN-DO-(Curtains|Blackout)-(LINEN-CURTAIN-52x84-NATURAL-2-PCS)-(blackout curtains textured),232700998531433,False
D-LC-SP-EXACT-RAN-DO-(Curtains|Blackout)-(LINEN-CURTAIN-52x84-NATURAL-2-PCS)-(blackout curtains),152811679252566,False
D-LC-SP-EXACT-RAN-DO-(Curtains|Blackout)-(LINEN-CURTAIN-52x84-NATURAL-2-PCS)-(blackout farmhouse curtains),124633972910956,False
D-LC-SP-EXACT-RAN-DO-(Curtains|Blackout)-(LINEN-CURTAIN-52x84-NATURAL-2-PCS)-(curtains blackout 84 inch length),265235302949585,False
D-LC-SP-EXACT-RAN-DO-(Curtains|Blackout)-(LINEN-CURTAIN-52x84-NATURAL-2-PCS)-(floor length blackout curtains),61736922481015,False
D-LC-SP-EXACT-RAN-DO-(Curtains|Blackout)-(LINEN-CURTAIN-52x84-NATURAL-2-PCS)-(lightweight blackout curtains),232781343314787,False
D-LC-SP-EXACT-RAN-DO-(Curtains|Blackout)-(LINEN-CURTAIN-52x84-NATURAL-2-PCS)-(livingroom blackout curtains),131306656163299,False
D-LC-SP-EXACT-RAN-DO-(Curtains|Blackout)-(LINEN-CURTAIN-52x84-NATURAL-2-PCS)-(natural blackout curtains),80211595091492,False
D-LC-SP-EXACT-RAN-DO-(Curtains|Blackout)-(LINEN-CURTAIN-52x84-NATURAL-2-PCS)-(oeko tex blackout curtains),58895800926169,False
D-LC-SP-EXACT-RAN-DO-(Curtains|Blackout)-(LINEN-CURTAIN-52x84-NATURAL-2-PCS)-(room curtains blackout),143487852242049,False
D-LC-SP-EXACT-RAN-DO-(Curtains|Blackout)-(LINEN-CURTAIN-52x84-NATURAL-2-PCS)-(textured blackout curtains),163935466534017,False
D-LC-SP-EXACT-RAN-DO-(Curtains|Blackout)-(LINEN-CURTAIN-52x84-NATURAL-2-PCS)-(thermal blackout curtains 84 inch),64648054122800,False
D-LC-SP-EXACT-RAN-DO-(Curtains|Blackout)-(LINEN-CURTAIN-52x84-NATURAL-2-PCS)-(thermal insulated blackout curtains),114805778350038,False
D-LC-SP-EXACT-RAN-DO-(Curtains|Blackout)-(LINEN-CURTAIN-52x84-NATURAL-2-PCS)-(total blackout curtains),121463561394289,False
D-LC-SP-EXACT-RAN-DO-(Curtains|Blackout)-(LINEN-CURTAIN-52x90-BEIGE-2-PCS)-(2 panel blackout curtains),121593280508318,False
D-LC-SP-EXACT-RAN-DO-(Curtains|Blackout)-(LINEN-CURTAIN-52x90-BEIGE-2-PCS)-(52 x 90 blackout curtains),6756500548093,False
D-LC-SP-EXACT-RAN-DO-(Curtains|Blackout)-(LINEN-CURTAIN-52x90-BEIGE-2-PCS)-(52x90 blackout curtains 2 panels),263449289303993,False
D-LC-SP-EXACT-RAN-DO-(Curtains|Blackout)-(LINEN-CURTAIN-52x90-BEIGE-2-PCS)-(90 blackout curtains 2 panel set),76677690018745,False
D-LC-SP-EXACT-RAN-DO-(Curtains|Blackout)-(LINEN-CURTAIN-52x90-BEIGE-2-PCS)-(90 blackout curtains),41099167087168,False
D-LC-SP-EXACT-RAN-DO-(Curtains|Blackout)-(LINEN-CURTAIN-52x90-BEIGE-2-PCS)-(90 inch blackout curtains 2 panel set),182660296052585,False
D-LC-SP-EXACT-RAN-DO-(Curtains|Blackout)-(LINEN-CURTAIN-52x90-BEIGE-2-PCS)-(90 inch blackout curtains),153481825613778,False
D-LC-SP-EXACT-RAN-DO-(Curtains|Blackout)-(LINEN-CURTAIN-52x90-BEIGE-2-PCS)-(90 inch curtains blackout),168608260665053,False
D-LC-SP-EXACT-RAN-DO-(Curtains|Blackout)-(LINEN-CURTAIN-52x90-BEIGE-2-PCS)-(beige blackout curtains),153154496969586,False
D-LC-SP-EXACT-RAN-DO-(Curtains|Blackout)-(LINEN-CURTAIN-52x90-BEIGE-2-PCS)-(beige curtains blackout),240055477304086,False
D-LC-SP-EXACT-RAN-DO-(Curtains|Blackout)-(LINEN-CURTAIN-52x90-BEIGE-2-PCS)-(blackout beige curtains),189835504335870,False
D-LC-SP-EXACT-RAN-DO-(Curtains|Blackout)-(LINEN-CURTAIN-52x90-BEIGE-2-PCS)-(blackout curtain panels),200486753467108,False
D-LC-SP-EXACT-RAN-DO-(Curtains|Blackout)-(LINEN-CURTAIN-52x90-BEIGE-2-PCS)-(blackout curtains 2 panel set),126030838905641,False
D-LC-SP-EXACT-RAN-DO-(Curtains|Blackout)-(LINEN-CURTAIN-52x90-BEIGE-2-PCS)-(blackout curtains 2 panels),184130614641375,False
D-LC-SP-EXACT-RAN-DO-(Curtains|Blackout)-(LINEN-CURTAIN-52x90-BEIGE-2-PCS)-(blackout curtains 90 inches long),106910226081469,False
D-LC-SP-EXACT-RAN-DO-(Curtains|Blackout)-(LINEN-CURTAIN-52x90-BEIGE-2-PCS)-(blackout curtains beige),167314046143922,False
D-LC-SP-EXACT-RAN-DO-(Curtains|Blackout)-(LINEN-CURTAIN-52x90-BEIGE-2-PCS)-(blackout curtains farmhouse style),228297069963108,False
D-LC-SP-EXACT-RAN-DO-(Curtains|Blackout)-(LINEN-CURTAIN-52x90-BEIGE-2-PCS)-(blackout curtains for window),155681698323180,False
D-LC-SP-EXACT-RAN-DO-(Curtains|Blackout)-(LINEN-CURTAIN-52x90-BEIGE-2-PCS)-(blackout curtains two panels),164407132393164,False
D-LC-SP-EXACT-RAN-DO-(Curtains|Blackout)-(LINEN-CURTAIN-52x90-BEIGE-2-PCS)-(blackout curtains with rings),231786471499830,False
D-LC-SP-EXACT-RAN-DO-(Curtains|Blackout)-(LINEN-CURTAIN-52x90-BEIGE-2-PCS)-(complete blackout curtains),57687887581458,False
D-LC-SP-EXACT-RAN-DO-(Curtains|Blackout)-(LINEN-CURTAIN-52x90-BEIGE-2-PCS)-(cottage core blackout curtains),268746784733112,False
D-LC-SP-EXACT-RAN-DO-(Curtains|Blackout)-(LINEN-CURTAIN-52x90-BEIGE-2-PCS)-(curtains blackout 90 inches long),96954165539190,False
D-LC-SP-EXACT-RAN-DO-(Curtains|Blackout)-(LINEN-CURTAIN-52x90-BEIGE-2-PCS)-(curtains blackout),143424246594085,False
D-LC-SP-EXACT-RAN-DO-(Curtains|Blackout)-(LINEN-CURTAIN-52x90-BEIGE-2-PCS)-(farmhouse blackout curtains),32104093526372,False
D-LC-SP-EXACT-RAN-DO-(Curtains|Blackout)-(LINEN-CURTAIN-52x90-BEIGE-2-PCS)-(farmhouse curtains blackout),263047730629608,False
D-LC-SP-EXACT-RAN-DO-(Curtains|Blackout)-(LINEN-CURTAIN-52x90-BEIGE-2-PCS)-(light blackout curtains),16538890355743,False
D-LC-SP-EXACT-RAN-DO-(Curtains|Blackout)-(LINEN-CURTAIN-52x90-BEIGE-2-PCS)-(light colored blackout curtains),74524626769917,False
D-LC-SP-EXACT-RAN-DO-(Curtains|Blackout)-(LINEN-CURTAIN-52x90-BEIGE-2-PCS)-(long blackout curtains),279654310670305,False
D-LC-SP-EXACT-RAN-DO-(Curtains|Blackout)-(LINEN-CURTAIN-52x90-BEIGE-2-PCS)-(luxury blackout curtains),263971780219603,False
D-LC-SP-EXACT-RAN-DO-(Curtains|Blackout)-(LINEN-CURTAIN-52x90-BEIGE-2-PCS)-(machine washable blackout curtains),5496689144592,False
D-LC-SP-EXACT-RAN-DO-(Curtains|Blackout)-(LINEN-CURTAIN-52x90-BEIGE-2-PCS)-(neutral blackout curtains),135665128199157,False
D-LC-SP-EXACT-RAN-DO-(Curtains|Blackout)-(LINEN-CURTAIN-52x90-BEIGE-2-PCS)-(sun blackout curtains),140874258682113,False
D-LC-SP-EXACT-RAN-DO-(Curtains|Blackout)-(LINEN-CURTAIN-52x90-BEIGE-2-PCS)-(thermal blackout curtains),181087659629312,False
D-LC-SP-EXACT-RAN-DO-(Curtains|Blackout)-(LINEN-CURTAIN-52x90-BEIGE-2-PCS)-(true blackout curtains no light),131585500460540,False
D-LC-SP-EXACT-RAN-DO-(Curtains|Blackout)-(LINEN-CURTAIN-52x90-BEIGE-2-PCS)-(wide panel blackout curtains 52 inch),205579187927729,False
D-LC-SP-EXACT-RAN-DO-(Curtains|Blackout)-(LINEN-CURTAIN-52x90-BEIGE-2-PCS)-(window curtains blackout),170124811113628,False
D-LC-SP-EXACT-RAN-DO-(Curtains|Blackout)-(LINEN-CURTAIN-52x90-LIGHT-BEIGE-2-PCS)-(light beige blackout curtains),159404131443623,False
D-LC-SP-EXACT-RAN-DO-(Curtains|Blackout)-(LINEN-CURTAIN-52x90-LIGHT-GREY-2-PCS)-(grey blackout curtains),71850822707150,False
D-LC-SP-EXACT-RAN-DO-(Curtains|Blackout)-(LINEN-CURTAIN-52x96-BEIGE-2-PCS)-(beige blackout curtains 96 inches long),246358732171470,False
D-LC-SP-EXACT-RAN-DO-(Curtains|Blackout)-(LINEN-CURTAIN-52x96-IVORY-2-PCS)-(52 x 96 blackout curtains 2 panels),140332469531230,False
D-LC-SP-EXACT-RAN-DO-(Curtains|Blackout)-(LINEN-CURTAIN-52x96-IVORY-2-PCS)-(96 inch blackout curtains),104756682077920,False
D-LC-SP-EXACT-RAN-DO-(Curtains|Blackout)-(LINEN-CURTAIN-52x96-IVORY-2-PCS)-(96 inch curtains 2 panel set blackout),272745169591779,False
D-LC-SP-EXACT-RAN-DO-(Curtains|Blackout)-(LINEN-CURTAIN-52x96-IVORY-2-PCS)-(blackout curtains 96 inches long),278048366230437,False
D-LC-SP-EXACT-RAN-DO-(Curtains|Blackout)-(LINEN-CURTAIN-52x96-IVORY-2-PCS)-(blackout curtains 96),153516293638204,False
D-LC-SP-EXACT-RAN-DO-(Curtains|Blackout)-(LINEN-CURTAIN-52x96-IVORY-2-PCS)-(ivory blackout curtains 96 inches long),78829958836102,False
D-LC-SP-EXACT-RAN-DO-(Curtains|Blackout)-(LINEN-CURTAIN-52x96-IVORY-2-PCS)-(ivory curtains blackout),149414806847955,False
D-LC-SP-EXACT-RAN-DO-(Curtains|Blackout)-(LINEN-CURTAIN-52x96-IVORY-2-PCS)-(warm ivory blackout curtains),88568724527971,False
D-LC-SP-EXACT-RAN-DO-(Curtains|Blackout)-(LINEN-CURTAIN-52x96-NATURAL-2-PCS)-(blackout curtains 52x96),214394956810895,False
D-LC-SP-EXACT-RAN-DO-(Curtains|Blackout)-(LINEN-CURTAIN-52x96-NATURAL-2-PCS)-(blackout curtains 92+ inches long),191764688610382,True
D-LC-SP-EXACT-RAN-DO-(Curtains|Blackout|Bedroom)-(52x108-IVORY-2-PCS)-(blackout curtains for bedroom 108 inches long),126221354854637,False
D-LC-SP-EXACT-RAN-DO-(Curtains|Blackout|Bedroom)-(52x120-NATURAL-2-PCS)-(blackout curtains for bedroom 120 inches long),207178068148779,False
D-LC-SP-EXACT-RAN-DO-(Curtains|Blackout|Bedroom)-(52x63-LINEN-2-PCS)-(blackout curtains for bedroom 63 inches long),272294595506892,False
D-LC-SP-EXACT-RAN-DO-(Curtains|Blackout|Bedroom)-(52x72-LIGHT-BEIGE-2-PCS)-(blackout curtains for bedroom 72 inches long),3187059501519,False
D-LC-SP-EXACT-RAN-DO-(Curtains|Blackout|Bedroom)-(52x84-NATURAL-2-PCS)-(blackout curtains for bedroom 84 inches long),206152994447995,False
D-LC-SP-EXACT-RAN-DO-(Curtains|Blackout|Bedroom)-(52x90-BEIGE-2-PCS)-(thermal insulated blackout curtains for bedroom),129749285119444,False
D-LC-SP-EXACT-RAN-DO-(Curtains|Blackout|Bedroom)-(LINEN-CURTAIN-52x84-NATURAL-2-PCS)-(bedroom curtains blackout),75367199914568,False
D-LC-SP-EXACT-RAN-DO-(Curtains|Blackout|Bedroom)-(LINEN-CURTAIN-52x84-NATURAL-2-PCS)-(best blackout curtains for bedroom),6616735036089,False
D-LC-SP-EXACT-RAN-DO-(Curtains|Blackout|Bedroom)-(LINEN-CURTAIN-52x84-NATURAL-2-PCS)-(blackout bedroom curtain),48122186075291,False
D-LC-SP-EXACT-RAN-DO-(Curtains|Blackout|Bedroom)-(LINEN-CURTAIN-52x84-NATURAL-2-PCS)-(blackout boho curtains for bedroom),1587138812641,False
D-LC-SP-EXACT-RAN-DO-(Curtains|Blackout|Bedroom)-(LINEN-CURTAIN-52x84-NATURAL-2-PCS)-(blackout curtain panels bedroom),116083266001576,False
D-LC-SP-EXACT-RAN-DO-(Curtains|Blackout|Bedroom)-(LINEN-CURTAIN-52x84-NATURAL-2-PCS)-(blackout curtains for bedroom long),117109815984547,False
D-LC-SP-EXACT-RAN-DO-(Curtains|Blackout|Bedroom)-(LINEN-CURTAIN-52x84-NATURAL-2-PCS)-(blackout curtains for bedroom short),48298119899668,False
D-LC-SP-EXACT-RAN-DO-(Curtains|Blackout|Bedroom)-(LINEN-CURTAIN-52x84-NATURAL-2-PCS)-(blackout curtains for bedroom),138355642004450,False
D-LC-SP-EXACT-RAN-DO-(Curtains|Blackout|Bedroom)-(LINEN-CURTAIN-52x84-NATURAL-2-PCS)-(blackout thermal curtains for bedroom),140573434527417,False
D-LC-SP-EXACT-RAN-DO-(Curtains|Blackout|Bedroom)-(LINEN-CURTAIN-52x84-NATURAL-2-PCS)-(curtains for bedroom blackout),6627391537683,False
D-LC-SP-EXACT-RAN-DO-(Curtains|Blackout|Bedroom)-(LINEN-CURTAIN-52x84-NATURAL-2-PCS)-(farmhouse blackout curtains for bedroom),189396489835702,False
D-LC-SP-EXACT-RAN-DO-(Curtains|Blackout|Bedroom)-(LINEN-CURTAIN-52x84-NATURAL-2-PCS)-(total blackout curtains for bedroom),106574902256387,False
D-LC-SP-EXACT-RAN-DO-(Curtains|Blackout|Bedroom)-(LINEN-CURTAIN-52x90-BEIGE-2-PCS)-(bedroom blackout curtains),249033894372451,False
D-LC-SP-EXACT-RAN-DO-(Curtains|Blackout|Bedroom)-(LINEN-CURTAIN-52x90-BEIGE-2-PCS)-(bedroom curtains 2 panel sets blackout),119167566843035,False
D-LC-SP-EXACT-RAN-DO-(Curtains|Blackout|Bedroom)-(LINEN-CURTAIN-52x90-BEIGE-2-PCS)-(beige blackout curtains for bedroom),152467249190720,False
D-LC-SP-EXACT-RAN-DO-(Curtains|Blackout|Bedroom)-(LINEN-CURTAIN-52x90-BEIGE-2-PCS)-(blackout curtain bedroom),189800218760162,False
D-LC-SP-EXACT-RAN-DO-(Curtains|Blackout|Bedroom)-(LINEN-CURTAIN-52x90-BEIGE-2-PCS)-(blackout curtains 2 panel bedroom),206222164387212,False
D-LC-SP-EXACT-RAN-DO-(Curtains|Blackout|Bedroom)-(LINEN-CURTAIN-52x90-BEIGE-2-PCS)-(curtain blackout bedroom),84694891872972,False
D-LC-SP-EXACT-RAN-DO-(Curtains|Blackout|Bedroom)-(LINEN-CURTAIN-52x90-BEIGE-2-PCS)-(long blackout curtains for bedroom),210234681162266,False
D-LC-SP-EXACT-RAN-DO-(Curtains|Blackout|Bedroom)-(LINEN-CURTAIN-52x90-BEIGE-2-PCS)-(neutral blackout curtains for bedroom),23479329084646,False
D-LC-SP-EXACT-RAN-DO-(Curtains|Blackout|Living Room)-(52x84-NATURAL-2-PCS)-(long blackout curtains for living room),144007504292266,False
D-LC-SP-EXACT-RAN-DO-(Curtains|Blackout|Living Room)-(52x90-BEIGE-2-PCS)-(farmhouse blackout curtains for living room),136686642315773,False
D-LC-SP-EXACT-RAN-DO-(Curtains|Blackout|Living Room)-(52x90-BEIGE-2-PCS)-(thermal insulated blackout curtains for living room),276811829693978,False
D-LC-SP-EXACT-RAN-DO-(Curtains|Blackout|Living Room)-(LINEN-CURTAIN-52x84-NATURAL-2-PCS)-(84 inch blackout curtains living room),255186651578076,False
D-LC-SP-EXACT-RAN-DO-(Curtains|Blackout|Living Room)-(LINEN-CURTAIN-52x84-NATURAL-2-PCS)-(blackout curtains for the living room),232063548658978,False
D-LC-SP-EXACT-RAN-DO-(Curtains|Blackout|Living Room)-(LINEN-CURTAIN-52x84-NATURAL-2-PCS)-(blackout living room curtains),245046991151583,False
D-LC-SP-EXACT-RAN-DO-(Curtains|Blackout|Living Room)-(LINEN-CURTAIN-52x84-NATURAL-2-PCS)-(curtains for living room blackout),2485558221192,False
D-LC-SP-EXACT-RAN-DO-(Curtains|Blackout|Living Room)-(LINEN-CURTAIN-52x84-NATURAL-2-PCS)-(living room blackout curtains),112126037303571,False
D-LC-SP-EXACT-RAN-DO-(Curtains|Blackout|Living Room)-(LINEN-CURTAIN-52x90-BEIGE-2-PCS)-(blackout curtains for living room),189384694937121,False
D-LC-SP-EXACT-RAN-DO-(Curtains|Blackout|Living Room)-(LINEN-CURTAIN-52x90-BEIGE-2-PCS)-(blackout curtains living room),112715639986027,False
D-LC-SP-EXACT-RAN-DO-(Curtains|Blackout|Living Room)-(LINEN-CURTAIN-52x90-BEIGE-2-PCS)-(living room curtains blackout),133352028057564,False
D-LC-SP-EXACT-RAN-DO-(Curtains|Blackout|Sliding Door)-(LINEN-CURTAIN-52x84-NATURAL-2-PCS)-(sliding door curtains blackout),211567792544765,False
D-LC-SP-EXACT-RAN-DO-(Linen|Curtains|Blackout)-(LINEN-CURTAIN-52x108-IVORY-2-PCS)-(linen blackout curtains 108 inches long),130720378914995,False
D-LC-SP-EXACT-RAN-DO-(Linen|Curtains|Blackout)-(LINEN-CURTAIN-52x84-NATURAL-2-PCS)-(natural flax linen curtains blackout),58900942575037,False
D-LC-SP-EXACT-RAN-DO-(Linen|Curtains|Blackout)-(LINEN-CURTAIN-52x90-BEIGE-2-PCS)-(blackout curtain linen),252152068378131,False
D-LC-SP-EXACT-RAN-DO-(Linen|Curtains|Blackout)-(LINEN-CURTAIN-52x90-BEIGE-2-PCS)-(blackout lined linen curtains),79376557043129,False
D-LC-SP-EXACT-RAN-DO-(Linen|Curtains|Blackout)-(LINEN-CURTAIN-52x90-BEIGE-2-PCS)-(flax linen blackout curtains),221491141367064,False
D-LC-SP-EXACT-RAN-DO-(Linen|Curtains|Blackout)-(LINEN-CURTAIN-52x90-BEIGE-2-PCS)-(linen blackout curtain),66429195107872,False
D-LC-SP-EXACT-RAN-DO-(Linen|Curtains|Blackout)-(LINEN-CURTAIN-52x96-IVORY-2-PCS)-(ivory linen curtains blackout),44024574121576,False
D-LC-SP-EXACT-RAN-DO-(Linen|Curtains|Blackout|Bedroom)-(LINEN-CURTAIN-52x90-BEIGE-2-PCS)-(linen blackout curtains for bedroom),255879677218513,False
D-LC-SP-EXACT-blackout curtain-LINEN-CURTAIN-52x90-BEIGE-2-PCS,135096890127720,False
D-LC-SP-PAT-B0CSSDGWVT-LINEN-CURTAIN-52x84-NATURAL-2-PCS,3450605895066,False
D-LC-SP-PAT-B0D8KY5HVQ-LINEN-CURTAIN-52x84-NATURAL-2-PCS,136539982299531,False
D-LC-SP-PAT-B0DBLRPBT6-LINEN-CURTAIN-52x84-NATURAL-2-PCS,23902632478602,False
D-LC-SP-PAT-B0DFWNNRZT-LINEN-CURTAIN-52x84-NATURAL-2-PCS,42273370055086,False
D-LC-SP-PAT-B0DR49RC45-LINEN-CURTAIN-52x84-NATURAL-2-PCS,11069998497846,False
D-LC-SP-PAT-B0F7GY74WD-LINEN-CURTAIN-52x84-NATURAL-2-PCS,25494268388213,False
D-LC-SP-PAT-B0FK5859JV-LINEN-CURTAIN-52x84-NATURAL-2-PCS,132397805607974,False
D-LC-SP-PAT-B0FK58S5VW-LINEN-CURTAIN-52x84-NATURAL-2-PCS,16643164227639,False
D-LC-SP-PAT-B0FK58Y375-LINEN-CURTAIN-52x84-NATURAL-2-PCS,61551287576209,False
D-LC-SP-PAT-B0FKGF76ZQ-LINEN-CURTAIN-52x84-NATURAL-2-PCS,24985490101216,False
D-LC-SP-PAT-B0GR67MC4D-LINEN-CURTAIN-52x84-NATURAL-2-PCS,270348205511079,False
D-LC-SP-PHRASE-RAN-DO-(Curtains)-(LINEN-CURTAIN-52x108-BEIGE-2-PCS)-(108 inch curtains),84882132478638,False
D-LC-SP-PHRASE-RAN-DO-(Curtains)-(LINEN-CURTAIN-52x108-IVORY-2-PCS)-(curtains 108 inch long),274142084968799,False
D-LC-SP-PHRASE-RAN-DO-(Curtains)-(LINEN-CURTAIN-52x90-LIGHT-BEIGE-2-PCS)-(light beige curtains),96623786103602,False
D-LC-SP-PHRASE-RAN-DO-(Curtains)-(LINEN-CURTAIN-52x90-LINEN-2-PCS)-(90 inch curtains),202226129865445,False
D-LC-SP-PHRASE-RAN-DO-(Curtains)-(LINEN-CURTAIN-52x96-IVORY-2-PCS)-(96 inch curtains),261344347940965,False
D-LC-SP-PHRASE-RAN-DO-(Curtains)-(LINEN-CURTAIN-52x96-IVORY-2-PCS)-(curtains 96 inch long),124737259255454,False
D-LC-SP-PHRASE-RAN-DO-(Curtains|Blackout)-(LINEN-CURTAIN-52x108-BEIGE-2-PCS)-(108 inch blackout curtains),160550289492465,False
D-LC-SP-PHRASE-RAN-DO-(Curtains|Blackout)-(LINEN-CURTAIN-52x108-IVORY-2-PCS)-(blackout curtains 108 inch long),47610596683293,False
D-LC-SP-PHRASE-RAN-DO-(Curtains|Blackout)-(LINEN-CURTAIN-52x84-BEIGE-2-PCS)-(curtains blackout 84 inch length),31683995795090,False
D-LC-SP-PHRASE-RAN-DO-(Curtains|Blackout)-(LINEN-CURTAIN-52x84-BEIGE-2-PCS)-(thermal blackout curtains 84 inch),264053404011620,False
D-LC-SP-PHRASE-RAN-DO-(Curtains|Blackout)-(LINEN-CURTAIN-52x84-IVORY-2-PCS)-(84 inch blackout curtains),80070708416776,False
D-LC-SP-PHRASE-RAN-DO-(Curtains|Blackout)-(LINEN-CURTAIN-52x84-IVORY-2-PCS)-(blackout curtains 84 inch long),237430607091141,False
D-LC-SP-PHRASE-RAN-DO-(Curtains|Blackout)-(LINEN-CURTAIN-52x84-IVORY-2-PCS)-(ivory blackout curtains),231695673276440,False
D-LC-SP-PHRASE-RAN-DO-(Curtains|Blackout)-(LINEN-CURTAIN-52x84-LIGHT-BEIGE-2-PCS)-(84 inch curtains blackout),25343966694332,False
D-LC-SP-PHRASE-RAN-DO-(Curtains|Blackout)-(LINEN-CURTAIN-52x84-LIGHT-BEIGE-2-PCS)-(blackout curtains 84 inch long 2 panels set),152817828652289,False
D-LC-SP-PHRASE-RAN-DO-(Curtains|Blackout)-(LINEN-CURTAIN-52x84-LIGHT-BEIGE-2-PCS)-(blackout drapes 84 inch 2 panels),134116746877772,False
D-LC-SP-PHRASE-RAN-DO-(Curtains|Blackout)-(LINEN-CURTAIN-52x90-BEIGE-2-PCS)-(beige blackout curtains),142111767345903,False
D-LC-SP-PHRASE-RAN-DO-(Curtains|Blackout)-(LINEN-CURTAIN-52x90-BEIGE-2-PCS)-(beige curtains blackout),19517102552781,False
D-LC-SP-PHRASE-RAN-DO-(Curtains|Blackout)-(LINEN-CURTAIN-52x90-BEIGE-2-PCS)-(blackout beige curtains),240150520227677,False
D-LC-SP-PHRASE-RAN-DO-(Curtains|Blackout)-(LINEN-CURTAIN-52x90-BEIGE-2-PCS)-(blackout curtains beige),72939964887486,False
D-LC-SP-PHRASE-RAN-DO-(Curtains|Blackout)-(LINEN-CURTAIN-52x96-BEIGE-2-PCS)-(96 inch blackout curtains),31161280769444,False
D-LC-SP-PHRASE-RAN-DO-(Curtains|Blackout)-(LINEN-CURTAIN-52x96-BEIGE-2-PCS)-(blackout curtains 96 inch long),130553486344120,False
D-LC-SP-PHRASE-RAN-DO-(Curtains|Blackout)-(LINEN-CURTAIN-52x96-IVORY-2-PCS)-(96 inch curtains 2 panel set blackout),199895864090510,False
D-LC-SP-PHRASE-RAN-DO-(Curtains|Blackout|Bedroom)-(LINEN-CURTAIN-52x84-BEIGE-2-PCS)-(blackout curtains for bedroom 84 inch long),183226142427040,False
D-LC-SP-PHRASE-RAN-DO-(Curtains|Room Darkening)-(LINEN-CURTAIN-52x84-IVORY-2-PCS)-(room darkening curtains 84 inch long),226462923625137,False
D-LC-SP-PHRASE-RAN-DO-(Curtains|Room Darkening)-(LINEN-CURTAIN-52x84-LIGHT-BEIGE-2-PCS)-(room darkening curtains 84 inch),188107863431530,False
D-LC-SP-PHRASE-RAN-DO-(Linen|Curtains)-(LINEN-CURTAIN-52x84-BEIGE-2-PCS)-(linen curtains 84 inch long),226848667553852,False
D-LC-SP-PHRASE-RAN-DO-(Linen|Curtains)-(LINEN-CURTAIN-52x84-IVORY-2-PCS)-(ivory linen curtains),112407118761050,False
D-LC-SP-PHRASE-RAN-DO-(Linen|Curtains)-(LINEN-CURTAIN-52x84-IVORY-2-PCS)-(warm ivory linen curtains),259708553263887,False
D-LC-SP-PHRASE-RAN-DO-(Linen|Curtains)-(LINEN-CURTAIN-52x84-NATURAL-2-PCS)-(linen curtains natural fabric),221123573941930,False
D-LC-SP-PHRASE-RAN-DO-(Linen|Curtains)-(LINEN-CURTAIN-52x84-NATURAL-2-PCS)-(natural linen curtains),5436372539971,False
D-LC-SP-PHRASE-RAN-DO-(Linen|Curtains)-(LINEN-CURTAIN-52x90-BEIGE-2-PCS)-(beige linen curtains),75932919295164,False
D-LC-SP-PHRASE-RAN-DO-(Linen|Curtains)-(LINEN-CURTAIN-52x96-LINEN-2-PCS)-(linen curtains 96 inch long),182881936754162,False
D-LC-SP-PHRASE-RAN-DO-(Linen|Curtains|Blackout)-(LINEN-CURTAIN-52x84-IVORY-2-PCS)-(ivory linen blackout curtains),206706931140396,False
D-LC-SP-PHRASE-RAN-DO-(Linen|Curtains|Blackout)-(LINEN-CURTAIN-52x84-LIGHT-BEIGE-2-PCS)-(linen blackout curtains 84 inch long),111730149584418,False
D-LC-SP-PHRASE-RAN-DO-(Linen|Curtains|Blackout)-(LINEN-CURTAIN-52x84-NATURAL-2-PCS)-(linen blackout curtains),175377613605069,False
D-LC-SP-bedroom black out curtains 2 panel sets-(Blackout)-MSV-Exact-Conv-DO-LINEN-CURTAIN-52x96-NATURAL-2-PCS,207472479676900,False
D-LC-SP-bedroom black out curtains-(Blackout)-MSV-Exact-Conv-DO-LINEN-CURTAIN-52x96-NATURAL-2-PCS,242558534444642,False
D-LC-SP-beige black out curtains-(Blackout)-MSV-Exact-Conv-DO-LINEN-CURTAIN-52x84-BEIGE-2-PCS,181911973045508,False
D-LC-SP-beige linen curtains-(Linen)-HSV-Exact-Conv-DO-LINEN-CURTAIN-52x84-BEIGE-2-PCS,22558120096147,False
D-LC-SP-black out beige curtains for bedroom-(Blackout)-LSV-Exact-Conv-DO-LINEN-CURTAIN-52x84-BEIGE-2-PCS,85347287042783,False
D-LC-SP-black out curtains 108 inches long-(Blackout)-HSV-Exact-Conv-DO-LINEN-CURTAIN-52x108-BEIGE-2-PCS,265446964796767,False
D-LC-SP-black out curtains 120 inches long-(Blackout)-MSV-Exact-Conv-DO-LINEN-CURTAIN-52x120-LINEN-2-PCS,267993546635881,False
D-LC-SP-black out curtains 2 panel-(Blackout)-HSV-Exact-Conv-DO-LINEN-CURTAIN-52x96-NATURAL-2-PCS,181808483703606,False
D-LC-SP-black out curtains 63 inch long-(Blackout)-VHSV-Exact-Conv-DO-LINEN-CURTAIN-52x63-LINEN-2-PCS,38741306394185,False
D-LC-SP-black out curtains 72 inch long-(Blackout)-VHSV-Exact-Conv-DO-LINEN-CURTAIN-52x72-LIGHT-BEIGE-2-PCS,222224106482126,False
D-LC-SP-black out curtains 72 inch wide-(Blackout)-MSV-Exact-Conv-DO-LINEN-CURTAIN-52x72-LIGHT-BEIGE-2-PCS,115982228661622,False
D-LC-SP-black out curtains 84 inch long 2 panels-(Blackout)-HSV-Exact-Conv-DO-LINEN-CURTAIN-52x84-BEIGE-2-PCS,5621782778161,False
D-LC-SP-black out curtains 84 inch long-(Blackout)-VHSV-Exact-Conv-DO-LINEN-CURTAIN-52x84-BEIGE-2-PCS,101540493924737,False
D-LC-SP-black out curtains 90 inch long 2 panels-(Blackout)-LSV-Exact-Conv-DO-LINEN-CURTAIN-52x90-LIGHT-GREY-2-PCS,244499165114799,False
D-LC-SP-black out curtains 90 inch long-(Blackout)-HSV-Exact-Conv-DO-LINEN-CURTAIN-52x90-LIGHT-GREY-2-PCS,2513506347724,False
D-LC-SP-black out curtains 96 inch long 2 panels-(Blackout)-LSV-Exact-Conv-DO-LINEN-CURTAIN-52x96-BEIGE-2-PCS,168749473297073,False
D-LC-SP-black out curtains 96 inch long-(Blackout)-VHSV-Exact-Conv-DO-LINEN-CURTAIN-52x96-BEIGE-2-PCS,269802061751068,False
D-LC-SP-black out curtains for bedroom windows-(Blackout)-HSV-Exact-Conv-DO-LINEN-CURTAIN-52x96-NATURAL-2-PCS,156428252103624,False
D-LC-SP-black out curtains for bedroom-(Blackout)-HSV-Exact-Conv-DO-LINEN-CURTAIN-52x96-NATURAL-2-PCS,33921535950977,False
D-LC-SP-black out curtains for living room-(Blackout)-HSV-Exact-Conv-DO-LINEN-CURTAIN-52x96-NATURAL-2-PCS,276515520409564,False
D-LC-SP-black out curtains living room-(Blackout)-HSV-Exact-Conv-DO-LINEN-CURTAIN-52x96-NATURAL-2-PCS,264851168399626,False
D-LC-SP-black out curtains short length-(Blackout)-LSV-Exact-Conv-DO-LINEN-CURTAIN-52x63-LINEN-2-PCS,53798217874505,False
D-LC-SP-black out curtains short window-(Blackout)-MSV-Exact-Conv-DO-LINEN-CURTAIN-52x63-LINEN-2-PCS,220088442329727,False
D-LC-SP-black out curtains thermal insulated-(Blackout)-MSV-Exact-Conv-DO-LINEN-CURTAIN-52x96-NATURAL-2-PCS,47614391995703,False
D-LC-SP-black out curtains-(Blackout)-VHSV-Exact-Conv-DO-LINEN-CURTAIN-52x96-NATURAL-2-PCS,76109269110778,False
D-LC-SP-black out drapes 84 inch length 2 panels set-(Blackout)-MSV-Exact-Conv-DO-LINEN-CURTAIN-52x84-BEIGE-2-PCS,89255648186837,False
D-LC-SP-black out drapes for bedroom-(Blackout)-HSV-Exact-Conv-DO-LINEN-CURTAIN-52x96-NATURAL-2-PCS,54057854323283,False
D-LC-SP-black out drapes-(Blackout)-HSV-Exact-Conv-DO-LINEN-CURTAIN-52x96-NATURAL-2-PCS,152945299738682,False
D-LC-SP-black out linen curtains-(Linen)-HSV-Exact-Conv-DO-LINEN-CURTAIN-52x96-NATURAL-2-PCS,34407293249921,False
D-LC-SP-black out thermal curtains 84 inch long-(Blackout)-MSV-Exact-Conv-DO-LINEN-CURTAIN-52x84-BEIGE-2-PCS,277048802732003,False
D-LC-SP-black out thermal curtains-(Blackout)-HSV-Exact-Conv-DO-LINEN-CURTAIN-52x96-NATURAL-2-PCS,152131146759008,False
D-LC-SP-black out window curtain-(Blackout)-HSV-Exact-Conv-DO-LINEN-CURTAIN-52x96-NATURAL-2-PCS,149289111447783,False
D-LC-SP-blackout curtain 120 inches long-(Blackout)-LSV-Exact-Conv-DO-LINEN-CURTAIN-52x120-LINEN-2-PCS,187987239216454,False
D-LC-SP-blackout curtain 63 inch length-(Blackout)-LSV-Exact-Conv-DO-LINEN-CURTAIN-52x63-LINEN-2-PCS,92679814374716,False
D-LC-SP-blackout curtain 72 inches long-(Blackout)-LSV-Exact-Conv-DO-LINEN-CURTAIN-52x72-LIGHT-BEIGE-2-PCS,278014377625134,False
D-LC-SP-blackout curtain for living room-(Blackout)-MSV-Exact-Conv-DO-LINEN-CURTAIN-52x96-NATURAL-2-PCS,162762556566177,False
D-LC-SP-blackout curtains 120-(Blackout)-LSV-Exact-Conv-DO-LINEN-CURTAIN-52x120-LINEN-2-PCS,220843069160942,False
D-LC-SP-blackout curtains 72 inches wide-(Blackout)-MSV-Exact-Conv-DO-LINEN-CURTAIN-52x72-LIGHT-BEIGE-2-PCS,141771686157799,False
D-LC-SP-blackout curtains 90+ inches long-(Blackout)-LSV-Exact-Conv-DO-LINEN-CURTAIN-52x90-LIGHT-GREY-2-PCS,102285963463438,True
D-LC-SP-blackout curtains energy efficient-(Blackout)-HSV-Exact-Conv-DO-LINEN-CURTAIN-52x96-NATURAL-2-PCS,198175053571217,False
D-LC-SP-blackout curtains for bedroom 72 wide-(Blackout)-LSV-Exact-Conv-DO-LINEN-CURTAIN-52x72-LIGHT-BEIGE-2-PCS,61084388226177,False
D-LC-SP-blackout curtains for bedrooms-(Blackout)-HSV-Exact-Conv-DO-LINEN-CURTAIN-52x96-NATURAL-2-PCS,236027223760344,False
D-LC-SP-blackout curtains for dorm room-(Blackout)-HSV-Exact-Conv-DO-LINEN-CURTAIN-52x96-NATURAL-2-PCS,90906585778322,False
D-LC-SP-blackout curtains for dorm-(Blackout)-HSV-Exact-Conv-DO-LINEN-CURTAIN-52x96-NATURAL-2-PCS,140521055227174,False
D-LC-SP-blackout curtains for small windows-(Blackout)-HSV-Exact-Conv-DO-LINEN-CURTAIN-52x63-LINEN-2-PCS,2049881359107,False
D-LC-SP-blackout curtains light blocking-(Blackout)-LSV-Exact-Conv-DO-LINEN-CURTAIN-52x96-NATURAL-2-PCS,191496093494787,False
D-LC-SP-blackout curtains renter friendly-(Blackout)-HSV-Exact-Conv-DO-LINEN-CURTAIN-52x96-NATURAL-2-PCS,131064509288472,False
D-LC-SP-blackout curtains short length-(Blackout)-HSV-Exact-Conv-DO-LINEN-CURTAIN-52x63-LINEN-2-PCS,92050233923645,False
D-LC-SP-blackout drapes curtains-(Blackout)-MSV-Exact-Conv-DO-LINEN-CURTAIN-52x96-NATURAL-2-PCS,240685992749214,False
D-LC-SP-blackout drapes for bedroom-(Blackout)-HSV-Exact-Conv-DO-LINEN-CURTAIN-52x96-NATURAL-2-PCS,211403385601534,False
D-LC-SP-blackout drapes for living room-(Blackout)-LSV-Exact-Conv-DO-LINEN-CURTAIN-52x96-NATURAL-2-PCS,220806449209547,False
D-LC-SP-blackout drapes living room-(Blackout)-MSV-Exact-Conv-DO-LINEN-CURTAIN-52x96-NATURAL-2-PCS,86099755247245,False
D-LC-SP-blackout drapes-(Blackout)-HSV-Exact-Conv-DO-LINEN-CURTAIN-52x96-NATURAL-2-PCS,167580481419694,False
D-LC-SP-blackout ivory curtains bedroom-(Blackout)-LSV-Exact-Conv-DO-LINEN-CURTAIN-52x84-IVORY-2-PCS,88066841079964,False
D-LC-SP-blackout panel curtains-(Blackout)-LSV-Exact-Conv-DO-LINEN-CURTAIN-52x96-NATURAL-2-PCS,161847707631171,False
D-LC-SP-cortina blackout para cuarto-(Blackout-ES)-HSV-Exact-Conv-DO-LINEN-CURTAIN-52x96-NATURAL-2-PCS,90026691881290,False
D-LC-SP-cortinas black out para dormitorio-(Blackout-ES)-MSV-Exact-Conv-DO-LINEN-CURTAIN-52x96-NATURAL-2-PCS,30329736096421,False
D-LC-SP-cortinas black out-(Blackout-ES)-MSV-Exact-Conv-DO-LINEN-CURTAIN-52x96-NATURAL-2-PCS,212649400783037,False
D-LC-SP-cortinas blackout para dormitorio largas-(Blackout-ES)-LSV-Exact-Conv-DO-LINEN-CURTAIN-52x96-NATURAL-2-PCS,146140855749363,False
D-LC-SP-cortinas blackout para dormitorio-(Blackout-ES)-VHSV-Exact-Conv-DO-LINEN-CURTAIN-52x96-NATURAL-2-PCS,123950187153574,False
D-LC-SP-cortinas blackout para sala elegantes-(Blackout-ES)-MSV-Exact-Conv-DO-LINEN-CURTAIN-52x96-NATURAL-2-PCS,155193407502636,False
D-LC-SP-cortinas blackout para sala-(Blackout-ES)-HSV-Exact-Conv-DO-LINEN-CURTAIN-52x96-NATURAL-2-PCS,210009335164009,False
D-LC-SP-cortinas blackout-(Blackout-ES)-HSV-Exact-Conv-DO-LINEN-CURTAIN-52x96-NATURAL-2-PCS,49821784111543,False
D-LC-SP-cortinas de cuarto blackout-(Blackout-ES)-LSV-Exact-Conv-DO-LINEN-CURTAIN-52x96-NATURAL-2-PCS,225156149247296,False
D-LC-SP-cortinas para habitacion blackout-(Blackout-ES)-LSV-Exact-Conv-DO-LINEN-CURTAIN-52x96-NATURAL-2-PCS,105792303695675,False
D-LC-SP-cream beige blackout curtains-(Blackout)-MSV-Exact-Conv-DO-LINEN-CURTAIN-52x84-IVORY-2-PCS,107463729062878,False
D-LC-SP-cream black out curtains-(Blackout)-HSV-Exact-Conv-DO-LINEN-CURTAIN-52x84-IVORY-2-PCS,26378314236938,False
D-LC-SP-cream blackout curtains 84 inches long-(Blackout)-HSV-Exact-Conv-DO-LINEN-CURTAIN-52x84-IVORY-2-PCS,229078710877275,False
D-LC-SP-cream blackout curtains 90 inches long-(Blackout)-LSV-Exact-Conv-DO-LINEN-CURTAIN-52x90-IVORY-2-PCS,222878416807897,False
D-LC-SP-cream blackout curtains 96 + inches long-(Blackout)-LSV-Exact-Conv-DO-LINEN-CURTAIN-52x96-IVORY-2-PCS,207787890666907,True
D-LC-SP-cream blackout curtains-(Blackout)-VHSV-Exact-Conv-DO-LINEN-CURTAIN-52x84-IVORY-2-PCS,196117386459479,False
D-LC-SP-cream room darkening curtains-(Blackout)-MSV-Exact-Conv-DO-LINEN-CURTAIN-52x84-IVORY-2-PCS,280453576569711,False
D-LC-SP-curtain blackout linen-(Linen)-LSV-Exact-Conv-DO-LINEN-CURTAIN-52x96-NATURAL-2-PCS,224416772899788,False
D-LC-SP-dark curtains for bedroom-(Blackout)-HSV-Exact-Conv-DO-LINEN-CURTAIN-52x84-NATURAL-2-PCS,116013941104125,False
D-LC-SP-darkening curtains for bedroom-(Blackout)-HSV-Exact-Conv-DO-LINEN-CURTAIN-52x96-NATURAL-2-PCS,83214070314460,False
D-LC-SP-darkening curtains for living room-(Blackout)-HSV-Exact-Conv-DO-LINEN-CURTAIN-52x96-NATURAL-2-PCS,210554057387685,False
D-LC-SP-darkening curtains-(Blackout)-HSV-Exact-Conv-DO-LINEN-CURTAIN-52x96-NATURAL-2-PCS,128291654075664,False
D-LC-SP-dorm blackout curtains-(Blackout)-HSV-Exact-Conv-DO-LINEN-CURTAIN-52x96-NATURAL-2-PCS,136873874232969,False
D-LC-SP-energy efficient blackout curtains for bedroom-(Blackout)-LSV-Exact-Conv-DO-LINEN-CURTAIN-52x96-NATURAL-2-PCS,38721970561112,False
D-LC-SP-extra long blackout curtains-(Blackout)-MSV-Exact-Conv-DO-LINEN-CURTAIN-52x108-BEIGE-2-PCS,190053543201695,False
D-LC-SP-extra long linen curtains-(Linen)-MSV-Exact-Conv-DO-LINEN-CURTAIN-52x108-BEIGE-2-PCS,213169046122539,False
D-LC-SP-extra wide blackout curtains-(Blackout)-HSV-Exact-Conv-DO-LINEN-CURTAIN-52x96-NATURAL-2-PCS,259618999045594,False
D-LC-SP-floor to ceiling curtains blackout-(Blackout)-MSV-Exact-Conv-DO-LINEN-CURTAIN-52x108-BEIGE-2-PCS,46082611624095,False
D-LC-SP-greige blackout curtains-(Blackout)-HSV-Exact-Conv-DO-LINEN-CURTAIN-52x84-LIGHT-BEIGE-2-PCS,201361669749421,False
D-LC-SP-grey black out curtains 63 inch long-(Blackout)-LSV-Exact-Conv-DO-LINEN-CURTAIN-52x63-LIGHT-GREY-2-PCS,97338180501782,False
D-LC-SP-grey linen curtains-(Linen)-MSV-Exact-Conv-DO-LINEN-CURTAIN-52x84-LIGHT-GREY-2-PCS,11972163962047,False
D-LC-SP-ivory black out curtains-(Blackout)-MSV-Exact-Conv-DO-LINEN-CURTAIN-52x84-IVORY-2-PCS,135421555663477,False
D-LC-SP-ivory blackout curtains 90 inches long-(Blackout)-LSV-Exact-Conv-DO-LINEN-CURTAIN-52x90-IVORY-2-PCS,155871914343657,False
D-LC-SP-ivory linen curtains 96 inches long-(Linen)-LSV-Exact-Conv-DO-LINEN-CURTAIN-52x96-IVORY-2-PCS,279286398472627,False
D-LC-SP-light blocking curtains 63 inch-(Blackout)-LSV-Exact-Conv-DO-LINEN-CURTAIN-52x63-LINEN-2-PCS,181052260208263,False
D-LC-SP-light blocking curtains 84 inches long-(Blackout)-HSV-Exact-Conv-DO-LINEN-CURTAIN-52x84-BEIGE-2-PCS,217755078569536,False
D-LC-SP-light blocking curtains for bedroom-(Blackout)-MSV-Exact-Conv-DO-LINEN-CURTAIN-52x84-NATURAL-2-PCS,45650119408536,False
D-LC-SP-light blocking curtains-(Blackout)-HSV-Exact-Conv-DO-LINEN-CURTAIN-52x84-NATURAL-2-PCS,181793630533546,False
D-LC-SP-light gray blackout curtains-(Blackout)-HSV-Exact-Conv-DO-LINEN-CURTAIN-52x84-LIGHT-GREY-2-PCS,165732734275977,False
D-LC-SP-light gray linen curtains-(Linen)-LSV-Exact-Conv-DO-LINEN-CURTAIN-52x84-LIGHT-GREY-2-PCS,66064222796911,False
D-LC-SP-light grey blackout curtains-(Blackout)-HSV-Exact-Conv-DO-LINEN-CURTAIN-52x84-LIGHT-GREY-2-PCS,219422074092951,False
D-LC-SP-light grey linen curtains-(Linen)-LSV-Exact-Conv-DO-LINEN-CURTAIN-52x84-LIGHT-GREY-2-PCS,4840607208283,False
D-LC-SP-linen black out curtains 84 inch long-(Linen)-LSV-Exact-Conv-DO-LINEN-CURTAIN-52x84-BEIGE-2-PCS,20071583181958,False
D-LC-SP-linen black out curtains 96 inches long-(Linen)-LSV-Exact-Conv-DO-LINEN-CURTAIN-52x96-BEIGE-2-PCS,53342925349398,False
D-LC-SP-linen blackout curtains 96 + inches long-(Linen)-HSV-Exact-Conv-DO-LINEN-CURTAIN-52x96-BEIGE-2-PCS,272943025791858,True
D-LC-SP-linen curtain panels-(Linen)-HSV-Exact-Conv-DO-LINEN-CURTAIN-52x84-NATURAL-2-PCS,17287470796597,False
D-LC-SP-linen curtains 108-(Linen)-LSV-Exact-Conv-DO-LINEN-CURTAIN-52x108-BEIGE-2-PCS,38152321465818,False
D-LC-SP-linen curtains 120 inches long-(Linen)-LSV-Exact-Conv-DO-LINEN-CURTAIN-52x120-LINEN-2-PCS,206773592994105,False
D-LC-SP-linen curtains 2 panel bedroom-(Linen)-HSV-Exact-Conv-DO-LINEN-CURTAIN-52x84-NATURAL-2-PCS,241052474924469,False
D-LC-SP-linen curtains 72 inch length-(Linen)-LSV-Exact-Conv-DO-LINEN-CURTAIN-52x72-LIGHT-BEIGE-2-PCS,85064003410199,False
D-LC-SP-linen curtains 90+ inches long-(Linen)-LSV-Exact-Conv-DO-LINEN-CURTAIN-52x90-LIGHT-GREY-2-PCS,116037460899372,True
D-LC-SP-linen curtains 96 + inches long-(Linen)-MSV-Exact-Conv-DO-LINEN-CURTAIN-52x96-BEIGE-2-PCS,270108242747517,True
D-LC-SP-linen curtains bedroom-(Linen)-MSV-Exact-Conv-DO-LINEN-CURTAIN-52x84-NATURAL-2-PCS,260108755945550,False
D-LC-SP-linen curtains for bedroom-(Linen)-HSV-Exact-Conv-DO-LINEN-CURTAIN-52x84-NATURAL-2-PCS,271702365716662,False
D-LC-SP-linen curtains room darkening-(Linen)-LSV-Exact-Conv-DO-LINEN-CURTAIN-52x96-NATURAL-2-PCS,159697273236777,False
D-LC-SP-linen drapes-(Linen)-HSV-Exact-Conv-DO-LINEN-CURTAIN-52x84-NATURAL-2-PCS,237325396709022,False
D-LC-SP-linen textured curtains bedroom-(Linen)-HSV-Exact-Conv-DO-LINEN-CURTAIN-52x84-NATURAL-2-PCS,135939914949805,False
D-LC-SP-long black out curtains for living room-(Blackout)-MSV-Exact-Conv-DO-LINEN-CURTAIN-52x96-NATURAL-2-PCS,131790495448986,False
D-LC-SP-natural linen curtains 96 inches long-(Linen)-LSV-Exact-Conv-DO-LINEN-CURTAIN-52x96-NATURAL-2-PCS,258816674773575,False
D-LC-SP-off white black out curtains-(Blackout)-MSV-Exact-Conv-DO-LINEN-CURTAIN-52x84-IVORY-2-PCS,239056226976076,False
D-LC-SP-off white blackout curtains 84 inches long-(Blackout)-MSV-Exact-Conv-DO-LINEN-CURTAIN-52x84-IVORY-2-PCS,171502408338214,False
D-LC-SP-off white blackout curtains-(Blackout)-HSV-Exact-Conv-DO-LINEN-CURTAIN-52x84-IVORY-2-PCS,223418744714049,False
D-LC-SP-room darkening curtains 63 inch-(Blackout)-HSV-Exact-Conv-DO-LINEN-CURTAIN-52x63-LINEN-2-PCS,144031400519380,False
D-LC-SP-room darkening curtains 63 inches long-(Blackout)-HSV-Exact-Conv-DO-LINEN-CURTAIN-52x63-LINEN-2-PCS,240140010959713,False
D-LC-SP-room darkening curtains 72 inches long-(Blackout)-MSV-Exact-Conv-DO-LINEN-CURTAIN-52x72-LIGHT-BEIGE-2-PCS,77150486100279,False
D-LC-SP-room darkening curtains 84 inches long-(Blackout)-HSV-Exact-Conv-DO-LINEN-CURTAIN-52x84-BEIGE-2-PCS,120978004966629,False
D-LC-SP-room darkening curtains 96 inches long-(Blackout)-MSV-Exact-Conv-DO-LINEN-CURTAIN-52x96-BEIGE-2-PCS,99510930308287,False
D-LC-SP-room darkening curtains bedroom-(Blackout)-LSV-Exact-Conv-DO-LINEN-CURTAIN-52x96-NATURAL-2-PCS,28931907282082,False
D-LC-SP-room darkening curtains for bedroom-(Blackout)-VHSV-Exact-Conv-DO-LINEN-CURTAIN-52x96-NATURAL-2-PCS,279106154422596,False
D-LC-SP-room darkening curtains-(Blackout)-VHSV-Exact-Conv-DO-LINEN-CURTAIN-52x96-NATURAL-2-PCS,277879422484967,False
D-LC-SP-room darkening drapes-(Blackout)-MSV-Exact-Conv-DO-LINEN-CURTAIN-52x96-NATURAL-2-PCS,249983533494394,False
D-LC-SP-short black out curtains-(Blackout)-HSV-Exact-Conv-DO-LINEN-CURTAIN-52x63-LINEN-2-PCS,183041839694659,False
D-LC-SP-short blackout curtains for bedroom-(Blackout)-HSV-Exact-Conv-DO-LINEN-CURTAIN-52x63-LINEN-2-PCS,11619388080195,False
D-LC-SP-short blackout curtains-(Blackout)-VHSV-Exact-Conv-DO-LINEN-CURTAIN-52x63-LINEN-2-PCS,98313628587466,False
D-LC-SP-short curtains for bedroom-(Blackout)-HSV-Exact-Conv-DO-LINEN-CURTAIN-52x63-LINEN-2-PCS,222624114672724,False
D-LC-SP-short curtains for windows-(Blackout)-VHSV-Exact-Conv-DO-LINEN-CURTAIN-52x63-LINEN-2-PCS,130858291765942,False
D-LC-SP-short linen curtains-(Linen)-MSV-Exact-Conv-DO-LINEN-CURTAIN-52x63-LINEN-2-PCS,96867032844637,False
D-LC-SP-short room darkening curtains-(Blackout)-LSV-Exact-Conv-DO-LINEN-CURTAIN-52x63-LINEN-2-PCS,152415539221137,False
D-LC-SP-short window blackout curtains-(Blackout)-MSV-Exact-Conv-DO-LINEN-CURTAIN-52x63-LINEN-2-PCS,10618528798642,False
D-LC-SP-small black out curtains-(Blackout)-HSV-Exact-Conv-DO-LINEN-CURTAIN-52x96-NATURAL-2-PCS,158080342796545,False
D-LC-SP-small window blackout curtains-(Blackout)-HSV-Exact-Conv-DO-LINEN-CURTAIN-52x63-LINEN-2-PCS,253146706406153,False
D-LC-SP-small window curtains-(Blackout)-VHSV-Exact-Conv-DO-LINEN-CURTAIN-52x63-LINEN-2-PCS,128109611830063,False
D-LC-SP-soft ivory linen curtains-(Linen)-MSV-Exact-Conv-DO-LINEN-CURTAIN-52x84-IVORY-2-PCS,257387340220853,False
D-LC-SP-sun zero blackout curtains-(Blackout)-HSV-Exact-Conv-DO-LINEN-CURTAIN-52x96-NATURAL-2-PCS,29310707647671,False
D-LC-SP-taupe linen blackout curtains-(Linen)-LSV-Exact-Conv-DO-LINEN-CURTAIN-52x84-LIGHT-BEIGE-2-PCS,98880717367351,False
D-LC-SP-textured fabric curtains linen-(Linen)-LSV-Exact-Conv-DO-LINEN-CURTAIN-52x84-NATURAL-2-PCS,281068686647279,False
D-LC-SP-textured linen curtains-(Linen)-MSV-Exact-Conv-DO-LINEN-CURTAIN-52x84-NATURAL-2-PCS,70303002606718,False
D-LC-SP-thermal blackout curtains 84 inches-(Blackout)-HSV-Exact-Conv-DO-LINEN-CURTAIN-52x84-BEIGE-2-PCS,207107110994948,False
D-LC-SP-thermal insulated blackout curtains bedroom-(Blackout)-HSV-Exact-Conv-DO-LINEN-CURTAIN-52x96-NATURAL-2-PCS,60366892581248,False
D-LC-SP-two drapes blackout curtains-(Blackout)-MSV-Exact-Conv-DO-LINEN-CURTAIN-52x96-NATURAL-2-PCS,7771412995577,False
D-LC-SP-white blackout curtains 63 inch length-(Blackout)-MSV-Exact-Conv-DO-LINEN-CURTAIN-52x63-IVORY-2-PCS,91379446948898,False
D-LC-SP-white blackout curtains 72 inches long-(Blackout)-LSV-Exact-Conv-DO-LINEN-CURTAIN-52x72-IVORY-2-PCS,37022449872553,False
D-LC-SP-white blackout curtains 96 inches long-(Blackout)-MSV-Exact-Conv-DO-LINEN-CURTAIN-52x96-IVORY-2-PCS,12319849458891,False
D-LC-SP-white room darkening curtains-(Blackout)-MSV-Exact-Conv-DO-LINEN-CURTAIN-52x84-IVORY-2-PCS,270897939926730,False
D-LC-SP-window darkening curtains-(Blackout)-LSV-Exact-Conv-DO-LINEN-CURTAIN-52x96-NATURAL-2-PCS,205259689045611,False
D-Linen Curtains-SP-Exact-Ranking-Fixed-LINEN-CURTAIN-52x120-NATURAL-2-PCS-B0F63C3Z95-faux linen blackout curtains 52x120,162098589264089,False
D-Linen Curtains-SP-Exact-Ranking-Fixed-LINEN-CURTAIN-52x63-NATURAL-2-PCS-B0F634R6RF-G,197276154841695,False
D-Linen Curtains-SP-Exact-Ranking-Fixed-LINEN-CURTAIN-52x84-LIGHT-GREY-2-PCS-B0F63BJSHF-grey linen blackout curtains,59262772847727,False
D-Linen Curtains-SP-Exact-Ranking-Fixed-LINEN-CURTAIN-52x84-NATURAL-2-PCS-B0F639CWS1 - 84 inch curtains linen,200077469485281,False
D-Linen Curtains-SP-Exact-Ranking-Fixed-LINEN-CURTAIN-52x84-NATURAL-2-PCS-B0F639CWS1 - curtains for living room linen,243365891171675,False
D-Linen Curtains-SP-Exact-Ranking-Fixed-LINEN-CURTAIN-52x84-NATURAL-2-PCS-B0F639CWS1 - farmhouse linen curtains,75468427294340,False
D-Linen Curtains-SP-Exact-Ranking-Fixed-LINEN-CURTAIN-52x84-NATURAL-2-PCS-B0F639CWS1 - high end linen curtains,84924096481615,False
D-Linen Curtains-SP-Exact-Ranking-Fixed-LINEN-CURTAIN-52x84-NATURAL-2-PCS-B0F639CWS1 - ivory linen curtains,111335064363574,False
D-Linen Curtains-SP-Exact-Ranking-Fixed-LINEN-CURTAIN-52x84-NATURAL-2-PCS-B0F639CWS1 - lined linen curtains 84 inches long,203360573926602,False
D-Linen Curtains-SP-Exact-Ranking-Fixed-LINEN-CURTAIN-52x84-NATURAL-2-PCS-B0F639CWS1 - linen curtains 2 panel set,199901679287324,False
D-Linen Curtains-SP-Exact-Ranking-Fixed-LINEN-CURTAIN-52x84-NATURAL-2-PCS-B0F639CWS1 - linen curtains neutral colors,146483967938269,False
D-Linen Curtains-SP-Exact-Ranking-Fixed-LINEN-CURTAIN-52x84-NATURAL-2-PCS-B0F639CWS1 - linen curtains pinch pleat,142523024619644,False
D-Linen Curtains-SP-Exact-Ranking-Fixed-LINEN-CURTAIN-52x84-NATURAL-2-PCS-B0F639CWS1 - linen farmhouse curtains,212383888367402,False
D-Linen Curtains-SP-Exact-Ranking-Fixed-LINEN-CURTAIN-52x84-NATURAL-2-PCS-B0F639CWS1 - linen lined curtains,74737871902277,False
D-Linen Curtains-SP-Exact-Ranking-Fixed-LINEN-CURTAIN-52x84-NATURAL-2-PCS-B0F639CWS1 - linen living room curtains,142464216912593,False
D-Linen Curtains-SP-Exact-Ranking-Fixed-LINEN-CURTAIN-52x84-NATURAL-2-PCS-B0F639CWS1 - linen panels curtains,14616560206337,False
D-Linen Curtains-SP-Exact-Ranking-Fixed-LINEN-CURTAIN-52x84-NATURAL-2-PCS-B0F639CWS1 - linen pinch pleated curtains,264576760528189,False
D-Linen Curtains-SP-Exact-Ranking-Fixed-LINEN-CURTAIN-52x84-NATURAL-2-PCS-B0F639CWS1 - linen pleated curtains,192976021708572,False
D-Linen Curtains-SP-Exact-Ranking-Fixed-LINEN-CURTAIN-52x84-NATURAL-2-PCS-B0F639CWS1 - linen privacy curtains,189096036563329,False
D-Linen Curtains-SP-Exact-Ranking-Fixed-LINEN-CURTAIN-52x84-NATURAL-2-PCS-B0F639CWS1 - liz linen drape pleated curtains,37094463927726,False
D-Linen Curtains-SP-Exact-Ranking-Fixed-LINEN-CURTAIN-52x84-NATURAL-2-PCS-B0F639CWS1 - long linen curtains,121040133935511,False
D-Linen Curtains-SP-Exact-Ranking-Fixed-LINEN-CURTAIN-52x84-NATURAL-2-PCS-B0F639CWS1 - pinch pleat linen curtains,45487857847876,False
D-Linen Curtains-SP-Exact-Ranking-Fixed-LINEN-CURTAIN-52x84-NATURAL-2-PCS-B0F639CWS1 - pinch pleated curtains linen,247256995644976,False
D-Linen Curtains-SP-Exact-Ranking-Fixed-LINEN-CURTAIN-52x84-NATURAL-2-PCS-B0F639CWS1 - pinch pleated linen curtains,86467107625001,False
D-Linen Curtains-SP-Exact-Ranking-Fixed-LINEN-CURTAIN-52x84-NATURAL-2-PCS-B0F639CWS1 - pinch pleated linen curtains blackout,140976186767378,False
D-Linen Curtains-SP-Exact-Ranking-Fixed-LINEN-CURTAIN-52x84-NATURAL-2-PCS-B0F639CWS1 - pleated linen curtains,64023559181730,False
D-Linen Curtains-SP-Exact-Ranking-Fixed-LINEN-CURTAIN-52x84-NATURAL-2-PCS-B0F639CWS1 - two drapes pinch pleated linen curtains,103257324354360,False
D-Linen Curtains-SP-Exact-Ranking-Fixed-LINEN-CURTAIN-52x96-LIGHT-BEIGE-2-PCS-B0F639YZ3D - beige linen blackout curtains,142608526767955,False
D-Linen Curtains-SP-Exact-Ranking-Fixed-LINEN-CURTAIN-52x96-LIGHT-BEIGE-2-PCS-B0F639YZ3D - linen beige curtains,54306510780162,False
D-Linen Curtains-SP-Exact-Ranking-Fixed-LINEN-CURTAIN-52x96-LIGHT-BEIGE-2-PCS-B0F639YZ3D-G,205859731382574,False
D-Linen Curtains-SP-Exact-Ranking-Fixed-LINEN-CURTAIN-52x96-NATURAL-2-PCS-B0F6366Z7N - blackout linen curtains 96 inches long,49530885804318,False
D-Linen Curtains-SP-Exact-Ranking-Fixed-LINEN-CURTAIN-52x96-NATURAL-2-PCS-B0F6366Z7N-G,54202241633897,False
DLC - SP - Auto - LINEN-CURTAIN-52x84-G1,156909779795663,False
DLC - SP - Auto - LINEN-CURTAIN-52x84-G2,141937956587398,False
DLC - SP - Auto -DO- LINEN-CURTAIN-52x96-G1,233952110201952,False
DLC - SP - Auto -DO- LINEN-CURTAIN-52x96-G2,156070966491838,False
DLC - SP - phrase-DO- LINEN-CURTAIN-52x84-G,50444389184062,False
DLC - SP - phrase-DO- LINEN-CURTAIN-52x84-G2,183069743144122,False
DLC - SP - phrase-DO- LINEN-CURTAIN-52x96-G1,151636124618055,False
DLC - SP - phrase-DO- LINEN-CURTAIN-52x96-G2,12187869880925,False
