campaign,lane,ad_groups,keywords,adv_sku,clicks_day,orders_day,plan_spend_day,daily_budget
CLCS4-SP-CalKing-Tail-Exact-Disc-Fix-CK-GRAPHITE,Exact · grouped Cal King tail · capped until declared,4,15,CL-COOLING-SHEET-CAL-KING-GRAPHITE,3.7827238095238096,0.3193552774095238,12.494415095238093,16.0
CLCS4-SP-Capped-Discovery-Exact-Disc-Fix-Q-GRAPHITE,Exact · capped discovery,6,6,CL-COOLING-SHEET-QUEEN-GRAPHITE,21.42857142857143,1.1942857142857144,56.38392857142857,71.0
CLCS4-SP-Full-Tail-Exact-Disc-Fix-F-COOL-GREY,Exact · grouped Full tail · capped until declared,6,23,CL-COOLING-SHEET-FULL-COOL-GREY,5.428057142857143,0.3731446582857142,14.917711142857142,19.0
CLCS4-SP-Head-Tail-Exact-Disc-Fix-Q-GRAPHITE,Exact · grouped head & hot-sleeper variants · capped (sibling-held),6,62,CL-COOLING-SHEET-QUEEN-GRAPHITE,12.71815619047619,0.7952269241904761,35.96345242857143,45.0
CLCS4-SP-King-Tail-Exact-Disc-Fix-K-GRAPHITE,Exact · grouped King tail · capped until declared,6,63,CL-COOLING-SHEET-KING-GRAPHITE,16.21225523809524,1.111661820952381,49.76348323809523,63.0
CLCS4-SP-Queen-Tail-Exact-Rank-Fix-Q-GRAPHITE,Exact · grouped Queen tail · Ranking-support,6,69,CL-COOLING-SHEET-QUEEN-GRAPHITE,12.671165714285713,0.8109546057142858,35.12700628571429,44.0
CLCS4-SP-Queen-Variants-Exact-Disc-Fix-Q-GRAPHITE,Exact · Queen colour (matching colour child),3,13,CL-COOLING-SHEET-QUEEN-MIDNIGHT-BLACK,2.72144,0.14421869714285715,7.620031999999999,10.0
CLCS4-SP-Twin-Tail-Exact-Disc-Fix-T-GRAPHITE,Exact · grouped Twin tail · capped until declared,5,19,CL-COOLING-SHEET-TWIN-GRAPHITE,4.345394285714286,0.3301812342857143,11.233149,15.0
CLCS4-SP-cool sheets queen-MSV-Exact-Rank-Fix-Q-GRAPHITE,Exact · single-keyword · Ranking,1,1,CL-COOLING-SHEET-QUEEN-GRAPHITE,3.5714285714285716,0.4285714285714286,10.66964285714286,14.0
CLCS4-SP-cooling bed sheets queen-HSV-Exact-Rank-Fix-Q-GRAPHITE,Exact · single-keyword · Ranking,1,1,CL-COOLING-SHEET-QUEEN-GRAPHITE,3.5714285714285716,0.13285714285714284,8.750000000000002,11.0
CLCS4-SP-cooling bed sheets-VHSV-Exact-Disc-Fix-Q-GRAPHITE,Exact · capped probe (sibling-held),1,1,CL-COOLING-SHEET-QUEEN-GRAPHITE,3.5714285714285716,0.22057142857142822,10.9375,14.0
CLCS4-SP-cooling king sheets-HSV-Exact-Disc-Fix-K-GRAPHITE,Exact · single-keyword · capped until declared (King),1,1,CL-COOLING-SHEET-KING-GRAPHITE,3.5714285714285716,0.25971428571428534,16.16071428571429,21.0
CLCS4-SP-cooling queen sheets-HSV-Exact-Rank-Fix-Q-GRAPHITE,Exact · single-keyword · Ranking,1,1,CL-COOLING-SHEET-QUEEN-GRAPHITE,3.5714285714285716,0.31742857142857145,13.169642857142858,17.0
CLCS4-SP-cooling sheets full size-HSV-Exact-Disc-Fix-F-COOL-GREY,Exact · single-keyword · capped until declared (Full),1,1,CL-COOLING-SHEET-FULL-COOL-GREY,3.5714285714285716,0.3434285714285714,11.11607142857143,14.0
CLCS4-SP-cooling sheets king size-VHSV-Exact-Disc-Fix-K-GRAPHITE,Exact · single-keyword · capped until declared (King),1,1,CL-COOLING-SHEET-KING-GRAPHITE,3.5714285714285716,0.316,14.642857142857142,19.0
CLCS4-SP-cooling sheets queen size-HSV-Exact-Rank-Fix-Q-GRAPHITE,Exact · single-keyword · Ranking,1,1,CL-COOLING-SHEET-QUEEN-GRAPHITE,3.5714285714285716,0.16428571428571428,6.25,10.0
CLCS4-SP-cooling sheets queen-VHSV-Exact-Rank-Fix-Q-GRAPHITE,Exact · single-keyword · Ranking,1,1,CL-COOLING-SHEET-QUEEN-GRAPHITE,12.283523981280078,1.166443437262355,34.393867147584224,43.0
CLCS4-SP-cooling sheets-VHSV-Exact-Disc-Fix-Q-GRAPHITE,Exact · capped probe (sibling-held),1,1,CL-COOLING-SHEET-QUEEN-GRAPHITE,3.5714285714285716,0.2708571428571429,8.973214285714286,12.0
CLCS4-SP-full size cooling sheets-HSV-Exact-Disc-Fix-F-COOL-GREY,Exact · single-keyword · capped until declared (Full),1,1,CL-COOLING-SHEET-FULL-COOL-GREY,3.5714285714285716,0.2285714285714286,9.955357142857144,13.0
CLCS4-SP-king sheets cooling-HSV-Exact-Disc-Fix-K-GRAPHITE,Exact · single-keyword · capped until declared (King),1,1,CL-COOLING-SHEET-KING-GRAPHITE,3.5714285714285716,0.2285714285714286,20.892857142857142,27.0
CLCS4-SP-king size cooling sheets-HSV-Exact-Disc-Fix-K-GRAPHITE,Exact · single-keyword · capped until declared (King),1,1,CL-COOLING-SHEET-KING-GRAPHITE,3.5714285714285716,0.45257142857142857,17.455357142857146,22.0
CLCS4-SP-king size sheets set cooling-HSV-Exact-Disc-Fix-K-GRAPHITE,Exact · single-keyword · capped until declared (King),1,1,CL-COOLING-SHEET-KING-GRAPHITE,3.5714285714285716,0.2285714285714286,11.5625,15.0
CLCS4-SP-queen bed sheets cooling-HSV-Exact-Rank-Fix-Q-GRAPHITE,Exact · single-keyword · Ranking,1,1,CL-COOLING-SHEET-QUEEN-GRAPHITE,3.5714285714285716,0.2285714285714286,14.017857142857142,18.0
CLCS4-SP-queen cooling sheets-HSV-Exact-Rank-Fix-Q-GRAPHITE,Exact · single-keyword · Ranking,1,1,CL-COOLING-SHEET-QUEEN-GRAPHITE,3.5714285714285716,0.3662857142857143,10.625,14.0
CLCS4-SP-queen sheet set cooling-HSV-Exact-Rank-Fix-Q-GRAPHITE,Exact · single-keyword · Ranking,1,1,CL-COOLING-SHEET-QUEEN-GRAPHITE,3.5714285714285716,0.2285714285714286,10.0,13.0
CLCS4-SP-queen sheets cooling-HSV-Exact-Rank-Fix-Q-GRAPHITE,Exact · single-keyword · Ranking,1,1,CL-COOLING-SHEET-QUEEN-GRAPHITE,4.947352542673628,0.35977147690322575,14.965741441587724,19.0
CLCS4-SP-queen size cooling sheets-HSV-Exact-Rank-Fix-Q-GRAPHITE,Exact · single-keyword · Ranking,1,1,CL-COOLING-SHEET-QUEEN-GRAPHITE,3.5714285714285716,0.2285714285714286,13.616071428571429,18.0
CLCS4-SP-queen size sheets cooling-HSV-Exact-Rank-Fix-Q-GRAPHITE,Exact · single-keyword · Ranking,1,1,CL-COOLING-SHEET-QUEEN-GRAPHITE,3.5714285714285716,0.2285714285714286,10.0,13.0
CLCS4-SP-sheets queen cooling-MSV-Exact-Rank-Fix-Q-GRAPHITE,Exact · single-keyword · Ranking,1,1,CL-COOLING-SHEET-QUEEN-GRAPHITE,3.5714285714285716,0.2285714285714286,10.0,13.0
