campaign,batch,structure,ad_groups,keywords,sv,adv_sku,clicks_day,orders_day,plan_spend_day,daily_budget
CLCS4-SP-Branded-Exact-Def-Fix-Q-GRAPHITE,Batch 2,Branded exact,1,1,78.0,CL-COOLING-SHEET-QUEEN-GRAPHITE,3.5714285714285716,0.5000000000000001,10.0,13.0
CLCS4-SP-CalKing-Halo-Exact-Disc-Fix-CK-GRAPHITE,Batch 1,Halo · capped until Cal King roots declared,5,8,1761.0,CL-COOLING-SHEET-CAL-KING-GRAPHITE,1.0034666666666667,0.06422186666666667,2.8097066666666666,10.0
CLCS4-SP-CalKing-Halo-Test-Exact-Disc-Fix-CK-GRAPHITE,Batch 2,Halo · capped test,1,1,1025.0,CL-COOLING-SHEET-CAL-KING-GRAPHITE,0.5,0.032,1.4,10.0
CLCS4-SP-Full-Halo-Exact-Disc-Fix-F-COOL-GREY,Batch 1,Halo · capped until Full roots declared,6,15,4698.0,CL-COOLING-SHEET-FULL-COOL-GREY,1.8192495238095239,0.11643196952380952,4.956871466666666,10.0
CLCS4-SP-Full-Halo-Test-Exact-Disc-Fix-F-COOL-GREY,Batch 2,Halo · capped test,1,1,195.0,CL-COOLING-SHEET-FULL-COOL-GREY,0.1,0.0064,0.27999999999999997,10.0
CLCS4-SP-Head-Halo-Exact-Disc-Fix-Q-GRAPHITE,Batch 1,Halo · capped until head roots declared,8,41,10611.0,CL-COOLING-SHEET-QUEEN-GRAPHITE,5.264369523809524,0.3327770361904762,14.700176609523808,19.0
CLCS4-SP-Head-Halo-Test-Exact-Disc-Fix-Q-GRAPHITE,Batch 2,Halo · capped test,7,21,9470.02,CL-COOLING-SHEET-QUEEN-GRAPHITE,4.010613333333334,0.21698584380952382,11.229717333333333,15.0
CLCS4-SP-King-Halo-Exact-Disc-Fix-K-GRAPHITE,Batch 1,Halo · capped until King roots declared,7,46,12575.0,CL-COOLING-SHEET-KING-GRAPHITE,5.814872380952381,0.3721518323809524,16.281642666666666,21.0
CLCS4-SP-King-Halo-Test-Exact-Disc-Fix-K-GRAPHITE,Batch 2,Halo · capped test,3,10,3579.0,CL-COOLING-SHEET-KING-GRAPHITE,1.8383695238095237,0.11093884952380952,5.147434666666666,10.0
CLCS4-SP-Queen-Halo-Exact-Rank-Fix-Q-GRAPHITE,Batch 1,Halo · Ranking-support,7,41,12587.0,CL-COOLING-SHEET-QUEEN-GRAPHITE,4.838967619047619,0.3096939276190476,13.728056761904762,18.0
CLCS4-SP-Queen-Halo-Test-Exact-Disc-Fix-Q-GRAPHITE,Batch 2,Halo · capped test,3,13,7138.0,CL-COOLING-SHEET-QUEEN-GRAPHITE,2.7191047619047617,0.16571294476190476,8.118493333333333,11.0
CLCS4-SP-Twin-Halo-Exact-Disc-Fix-T-GRAPHITE,Batch 1,Halo · capped until Twin roots declared,5,12,2645.0,CL-COOLING-SHEET-TWIN-GRAPHITE,1.58504,0.10542336000000001,4.487711999999999,10.0
CLCS4-SP-bed sheets cooling queen-LSV-Exact-Rank-Fix-Q-GRAPHITE,Batch 1,Hero SKC · Ranking,1,1,402.0,CL-COOLING-SHEET-QUEEN-GRAPHITE,1.0184,0.0651776,2.85152,10.0
CLCS4-SP-bed sheets cooling-HSV-Exact-Disc-Fix-Q-GRAPHITE,Batch 1,Hero SKC · capped until head roots declared,1,1,1023.0,CL-COOLING-SHEET-QUEEN-GRAPHITE,0.7145714285714285,0.04573257142857143,2.0008,10.0
CLCS4-SP-bed sheets queen size cooling-LSV-Exact-Rank-Fix-Q-GRAPHITE,Batch 1,Hero SKC · Ranking,1,1,697.0,CL-COOLING-SHEET-QUEEN-GRAPHITE,1.6165714285714288,0.10346057142857144,4.526400000000001,10.0
CLCS4-SP-best cooling sheets for hot sleepers-LSV-Exact-Disc-Fix-Q-GRAPHITE,Batch 1,Hero SKC · capped until head roots declared,1,1,575.0,CL-COOLING-SHEET-QUEEN-GRAPHITE,0.2506857142857143,0.016043885714285715,0.7821394285714286,10.0
CLCS4-SP-best cooling sheets-HSV-Exact-Disc-Fix-Q-GRAPHITE,Batch 1,Hero SKC · capped until head roots declared,1,1,1023.0,CL-COOLING-SHEET-QUEEN-GRAPHITE,1.037885714285714,0.043259076571428565,1.7125114285714282,10.0
CLCS4-SP-best sheets for hot sleepers-MSV-Exact-Disc-Fix-Q-GRAPHITE,Batch 1,Hero SKC · capped until head roots declared,1,1,626.0,CL-COOLING-SHEET-QUEEN-GRAPHITE,0.3889142857142857,0.021779200000000002,1.08896,10.0
CLCS4-SP-black cooling sheets-MSV-Exact-Disc-Fix-Q-MIDNIGHT-BLACK,Batch 1,Hero SKC · capped until head roots declared,1,1,924.0,CL-COOLING-SHEET-QUEEN-MIDNIGHT-BLACK,0.5622857142857142,0.03598628571428571,1.073965714285714,10.0
CLCS4-SP-cal king cooling sheets-LSV-Exact-Disc-Fix-CK-GRAPHITE,Batch 1,Hero SKC · capped until Cal King roots declared,1,1,672.0,CL-COOLING-SHEET-CAL-KING-GRAPHITE,0.3303428571428571,0.04540232228571428,1.5327908571428568,10.0
CLCS4-SP-cali king cooling sheets-LSV-Exact-Disc-Fix-CK-GRAPHITE,Batch 1,Hero SKC · capped until Cal King roots declared,1,1,402.0,CL-COOLING-SHEET-CAL-KING-GRAPHITE,0.20368,0.028335961599999997,0.8798976000000001,10.0
CLCS4-SP-california king cooling sheet sets-LSV-Exact-Disc-Fix-CK-GRAPHITE,Batch 1,Hero SKC · capped until Cal King roots declared,1,1,501.0,CL-COOLING-SHEET-CAL-KING-GRAPHITE,0.25384,0.01624576,0.7107519999999999,10.0
CLCS4-SP-california king cooling sheets-MSV-Exact-Disc-Fix-CK-GRAPHITE,Batch 1,Hero SKC · capped until Cal King roots declared,1,1,924.0,CL-COOLING-SHEET-CAL-KING-GRAPHITE,2.7177142857142855,0.36243437714285714,12.528662857142857,16.0
CLCS4-SP-california king sheets cooling-LSV-Exact-Disc-Fix-CK-GRAPHITE,Batch 1,Hero SKC · capped until Cal King roots declared,1,1,509.0,CL-COOLING-SHEET-CAL-KING-GRAPHITE,0.23399999999999999,0.014976,0.6551999999999999,10.0
CLCS4-SP-cold bed sheets-MSV-Exact-Disc-Fix-Q-GRAPHITE,Batch 1,Hero SKC · capped until head roots declared,1,1,924.0,CL-COOLING-SHEET-QUEEN-GRAPHITE,0.48262857142857135,0.030888228571428568,0.9218205714285712,10.0
CLCS4-SP-cold sheets for hot sleepers-MSV-Exact-Disc-Fix-Q-GRAPHITE,Batch 1,Hero SKC · capped until head roots declared,1,1,822.0,CL-COOLING-SHEET-QUEEN-GRAPHITE,0.5013714285714286,0.03116524799999995,1.4640045714285714,10.0
CLCS4-SP-cold sheets king-LSV-Exact-Disc-Fix-K-GRAPHITE,Batch 1,Hero SKC · capped until King roots declared,1,1,449.0,CL-COOLING-SHEET-KING-GRAPHITE,0.22749333333333333,0.014559573333333332,0.6369813333333333,10.0
CLCS4-SP-cold sheets queen size-LSV-Exact-Rank-Fix-Q-GRAPHITE,Batch 1,Hero SKC · Ranking,1,1,397.0,CL-COOLING-SHEET-QUEEN-GRAPHITE,1.0057333333333334,0.06436693333333333,2.816053333333333,10.0
CLCS4-SP-cold sheets queen-LSV-Exact-Rank-Fix-Q-GRAPHITE,Batch 1,Hero SKC · Ranking,1,1,501.0,CL-COOLING-SHEET-QUEEN-GRAPHITE,1.2692,0.0812288,2.91916,10.0
CLCS4-SP-cool bed sheets queen size-LSV-Exact-Rank-Fix-Q-GRAPHITE,Batch 1,Hero SKC · Ranking,1,1,590.0,CL-COOLING-SHEET-QUEEN-GRAPHITE,1.2182857142857144,0.07797028571428573,3.4112,10.0
CLCS4-SP-cool queen sheets-LSV-Exact-Rank-Fix-Q-GRAPHITE,Batch 1,Hero SKC · Ranking,1,1,489.0,CL-COOLING-SHEET-QUEEN-GRAPHITE,1.2388000000000001,0.07928320000000001,3.9889360000000007,10.0
CLCS4-SP-cool sheets for hot sleepers-HSV-Exact-Disc-Fix-Q-GRAPHITE,Batch 1,Hero SKC · capped until head roots declared,1,1,1961.0,CL-COOLING-SHEET-QUEEN-GRAPHITE,1.5322285714285713,0.12086218971428571,5.3781222857142845,10.0
CLCS4-SP-cool sheets king size-LSV-Exact-Disc-Fix-K-GRAPHITE,Batch 1,Hero SKC · capped until King roots declared,1,1,646.0,CL-COOLING-SHEET-KING-GRAPHITE,0.21788571428571435,0.01394468571428572,0.6100800000000002,10.0
CLCS4-SP-cool sheets queen-MSV-Exact-Rank-Fix-Q-GRAPHITE,Batch 1,Hero SKC · Ranking,1,1,766.0,CL-COOLING-SHEET-QUEEN-GRAPHITE,2.1437142857142857,0.2572457142857143,6.409705714285715,10.0
CLCS4-SP-cool sheets-HSV-Exact-Disc-Fix-Q-GRAPHITE,Batch 1,Hero SKC · capped until head roots declared,1,1,2203.0,CL-COOLING-SHEET-QUEEN-GRAPHITE,1.1808,0.0755712,3.30624,10.0
CLCS4-SP-cool touch sheet set-LSV-Exact-Disc-Fix-Q-GRAPHITE,Batch 1,Hero SKC · capped until head roots declared,1,1,416.0,CL-COOLING-SHEET-QUEEN-GRAPHITE,0.21077333333333337,0.013489493333333337,0.5901653333333334,10.0
CLCS4-SP-cooling bed sheet-MSV-Exact-Disc-Fix-Q-GRAPHITE,Batch 1,Hero SKC · capped until head roots declared,1,1,672.0,CL-COOLING-SHEET-QUEEN-GRAPHITE,0.3772,0.0241408,1.0561599999999998,10.0
CLCS4-SP-cooling bed sheets full-MSV-Exact-Disc-Fix-F-COOL-GREY,Batch 1,Hero SKC · capped until Full roots declared,1,1,924.0,CL-COOLING-SHEET-FULL-COOL-GREY,0.35142857142857137,0.017290285714285713,0.9347999999999999,10.0
CLCS4-SP-cooling bed sheets king size-LSV-Exact-Disc-Fix-K-GRAPHITE,Batch 1,Hero SKC · capped until King roots declared,1,1,424.0,CL-COOLING-SHEET-KING-GRAPHITE,0.21482666666666664,0.013748906666666665,0.6015146666666665,10.0
CLCS4-SP-cooling bed sheets king-HSV-Exact-Disc-Fix-K-GRAPHITE,Batch 1,Hero SKC · capped until King roots declared,1,1,1961.0,CL-COOLING-SHEET-KING-GRAPHITE,1.1526857142857143,0.133619328,4.8873874285714285,10.0
CLCS4-SP-cooling bed sheets queen size-LSV-Exact-Rank-Fix-Q-GRAPHITE,Batch 1,Hero SKC · Ranking,1,1,491.0,CL-COOLING-SHEET-QUEEN-GRAPHITE,1.2438666666666667,0.07960746666666667,3.4828266666666665,10.0
CLCS4-SP-cooling bed sheets queen-HSV-Exact-Rank-Fix-Q-GRAPHITE,Batch 1,Hero SKC · Ranking,1,1,2976.0,CL-COOLING-SHEET-QUEEN-GRAPHITE,3.5714285714285716,0.13285714285714284,8.750000000000002,11.0
CLCS4-SP-cooling bed sheets-VHSV-Exact-Disc-Fix-Q-GRAPHITE,Batch 1,Hero SKC · capped probe (Sleephoria-held head term),1,1,12715.0,CL-COOLING-SHEET-QUEEN-GRAPHITE,3.5714285714285716,0.22057142857142822,10.928571428571429,14.0
CLCS4-SP-cooling bedsheet-LSV-Exact-Disc-Fix-Q-GRAPHITE,Batch 1,Hero SKC · capped until head roots declared,1,1,405.0,CL-COOLING-SHEET-QUEEN-GRAPHITE,0.2052,0.0131328,0.57456,10.0
CLCS4-SP-cooling bedsheets queen size-LSV-Exact-Rank-Fix-Q-GRAPHITE,Batch 1,Hero SKC · Ranking,1,1,659.0,CL-COOLING-SHEET-QUEEN-GRAPHITE,1.1831428571428573,0.07572114285714286,3.3128,10.0
CLCS4-SP-cooling bedsheets-MSV-Exact-Disc-Fix-Q-GRAPHITE,Batch 1,Hero SKC · capped until head roots declared,1,1,677.0,CL-COOLING-SHEET-QUEEN-GRAPHITE,0.4357714285714286,0.02788937142857143,1.22016,10.0
CLCS4-SP-cooling california king sheets-LSV-Exact-Disc-Fix-CK-GRAPHITE,Batch 1,Hero SKC · capped until Cal King roots declared,1,1,639.0,CL-COOLING-SHEET-CAL-KING-GRAPHITE,0.3045714285714286,0.019492571428571432,0.8528,10.0
CLCS4-SP-cooling deep pocket king sheet set-LSV-Exact-Disc-Fix-K-GRAPHITE,Batch 1,Hero SKC · capped until King roots declared,1,1,580.0,CL-COOLING-SHEET-KING-GRAPHITE,0.23194285714285712,0.014844342857142857,0.6494399999999999,10.0
CLCS4-SP-cooling deep pocket queen sheets-MSV-Exact-Rank-Fix-Q-GRAPHITE,Batch 1,Hero SKC · Ranking,1,1,766.0,CL-COOLING-SHEET-QUEEN-GRAPHITE,2.214,0.141696,5.07006,10.0
CLCS4-SP-cooling full size sheets-MSV-Exact-Disc-Fix-F-COOL-GREY,Batch 1,Hero SKC · capped until Full roots declared,1,1,822.0,CL-COOLING-SHEET-FULL-COOL-GREY,0.36314285714285705,0.03186941714285713,0.7226542857142855,10.0
CLCS4-SP-cooling king bed sheets-LSV-Exact-Disc-Fix-K-GRAPHITE,Batch 1,Hero SKC · capped until King roots declared,1,1,624.0,CL-COOLING-SHEET-KING-GRAPHITE,0.2506857142857143,0.016043885714285715,0.70192,10.0
CLCS4-SP-cooling king sheets-HSV-Exact-Disc-Fix-K-GRAPHITE,Batch 1,Hero SKC · capped until King roots declared,1,1,2637.0,CL-COOLING-SHEET-KING-GRAPHITE,2.1273142857142857,0.15469829485714265,9.636733714285715,13.0
CLCS4-SP-cooling king size sheets set-HSV-Exact-Disc-Fix-K-GRAPHITE,Batch 1,Hero SKC · capped until King roots declared,1,1,466.0,CL-COOLING-SHEET-KING-GRAPHITE,1.51,0.09664,4.228,10.0
CLCS4-SP-cooling king size sheets-MSV-Exact-Disc-Fix-K-GRAPHITE,Batch 1,Hero SKC · capped until King roots declared,1,1,1023.0,CL-COOLING-SHEET-KING-GRAPHITE,0.5505714285714285,0.03523657142857142,1.5415999999999996,10.0
CLCS4-SP-cooling queen sheet set-LSV-Exact-Rank-Fix-Q-GRAPHITE,Batch 1,Hero SKC · Ranking,1,1,1023.0,CL-COOLING-SHEET-QUEEN-GRAPHITE,1.5814285714285712,0.10121142857142856,4.427999999999999,10.0
CLCS4-SP-cooling queen sheets hot sleepers-LSV-Exact-Rank-Fix-Q-GRAPHITE,Batch 1,Hero SKC · Ranking,1,1,626.0,CL-COOLING-SHEET-QUEEN-GRAPHITE,1.3822857142857143,0.08846628571428572,3.8704,10.0
CLCS4-SP-cooling queen sheets-HSV-Exact-Rank-Fix-Q-GRAPHITE,Batch 1,Hero SKC · Ranking,1,1,2635.0,CL-COOLING-SHEET-QUEEN-GRAPHITE,3.5714285714285716,0.31742857142857145,13.178571428571429,17.0
CLCS4-SP-cooling sheet set king-LSV-Exact-Disc-Fix-K-GRAPHITE,Batch 1,Hero SKC · capped until King roots declared,1,1,573.0,CL-COOLING-SHEET-KING-GRAPHITE,0.21788571428571435,0.01394468571428572,0.6100800000000002,10.0
CLCS4-SP-cooling sheet set queen-LSV-Exact-Rank-Fix-Q-GRAPHITE,Batch 1,Hero SKC · Ranking,1,1,766.0,CL-COOLING-SHEET-QUEEN-GRAPHITE,1.6517142857142855,0.10570971428571427,4.624799999999999,10.0
CLCS4-SP-cooling sheet set-HSV-Exact-Disc-Fix-Q-GRAPHITE,Batch 1,Hero SKC · capped until head roots declared,1,1,1669.0,CL-COOLING-SHEET-QUEEN-GRAPHITE,1.0308571428571427,0.08114907428571427,3.0307199999999996,10.0
CLCS4-SP-cooling sheet sets-LSV-Exact-Disc-Fix-Q-GRAPHITE,Batch 1,Hero SKC · capped until head roots declared,1,1,476.0,CL-COOLING-SHEET-QUEEN-GRAPHITE,0.24117333333333335,0.015435093333333335,0.6752853333333333,10.0
CLCS4-SP-cooling sheet-MSV-Exact-Disc-Fix-Q-GRAPHITE,Batch 1,Hero SKC · capped until head roots declared,1,1,1211.0,CL-COOLING-SHEET-QUEEN-GRAPHITE,0.6559999999999999,0.041983999999999994,1.8367999999999995,10.0
CLCS4-SP-cooling sheets cal king size deep pocket-LSV-Exact-Disc-Fix-CK-GRAPHITE,Batch 1,Hero SKC · capped until Cal King roots declared,1,1,476.0,CL-COOLING-SHEET-CAL-KING-GRAPHITE,0.24117333333333335,0.015435093333333335,0.6752853333333333,10.0
CLCS4-SP-cooling sheets cal king-LSV-Exact-Disc-Fix-CK-GRAPHITE,Batch 1,Hero SKC · capped until Cal King roots declared,1,1,537.0,CL-COOLING-SHEET-CAL-KING-GRAPHITE,0.27208,0.01741312,0.761824,10.0
CLCS4-SP-cooling sheets deep pocket king-LSV-Exact-Disc-Fix-K-GRAPHITE,Batch 1,Hero SKC · capped until King roots declared,1,1,337.0,CL-COOLING-SHEET-KING-GRAPHITE,0.23,0.01472,0.644,10.0
CLCS4-SP-cooling sheets for a queen-LSV-Exact-Rank-Fix-Q-GRAPHITE,Batch 1,Hero SKC · Ranking,1,1,418.0,CL-COOLING-SHEET-QUEEN-GRAPHITE,1.0589333333333335,0.06777173333333335,2.9650133333333337,10.0
CLCS4-SP-cooling sheets full size-HSV-Exact-Disc-Fix-F-COOL-GREY,Batch 1,Hero SKC · capped until Full roots declared,1,1,6228.0,CL-COOLING-SHEET-FULL-COOL-GREY,3.5714285714285716,0.3434285714285714,11.107142857142858,14.0
CLCS4-SP-cooling sheets full-MSV-Exact-Disc-Fix-F-COOL-GREY,Batch 1,Hero SKC · capped until Full roots declared,1,1,1216.0,CL-COOLING-SHEET-FULL-COOL-GREY,0.6419428571428571,0.057826212571428566,2.503577142857143,10.0
CLCS4-SP-cooling sheets king size deep pocket-MSV-Exact-Disc-Fix-K-GRAPHITE,Batch 1,Hero SKC · capped until King roots declared,1,1,822.0,CL-COOLING-SHEET-KING-GRAPHITE,0.5084000000000001,0.03253760000000001,1.4235200000000001,10.0
CLCS4-SP-cooling sheets king size-VHSV-Exact-Disc-Fix-K-GRAPHITE,Batch 1,Hero SKC · capped until King roots declared,1,1,19413.0,CL-COOLING-SHEET-KING-GRAPHITE,3.5714285714285716,0.316,14.642857142857142,19.0
CLCS4-SP-cooling sheets king-HSV-Exact-Disc-Fix-K-GRAPHITE,Batch 1,Hero SKC · capped until King roots declared,1,1,2630.0,CL-COOLING-SHEET-KING-GRAPHITE,2.075771428571428,0.15892106057142855,8.489905142857141,11.0
CLCS4-SP-cooling sheets queen deep pockets-LSV-Exact-Rank-Fix-Q-GRAPHITE,Batch 1,Hero SKC · Ranking,1,1,695.0,CL-COOLING-SHEET-QUEEN-GRAPHITE,1.5579999999999998,0.099712,4.362399999999999,10.0
CLCS4-SP-cooling sheets queen for hot sleepers-LSV-Exact-Rank-Fix-Q-GRAPHITE,Batch 1,Hero SKC · Ranking,1,1,403.0,CL-COOLING-SHEET-QUEEN-GRAPHITE,1.0209333333333332,0.06533973333333333,2.858613333333333,10.0
CLCS4-SP-cooling sheets queen size-HSV-Exact-Rank-Fix-Q-GRAPHITE,Batch 1,Hero SKC · Ranking,1,1,924.0,CL-COOLING-SHEET-QUEEN-GRAPHITE,3.3737142857142857,0.15519085714285713,5.904,10.0
CLCS4-SP-cooling sheets queen-VHSV-Exact-Rank-Fix-Q-GRAPHITE,Batch 1,Hero SKC · Ranking,1,1,30225.0,CL-COOLING-SHEET-QUEEN-GRAPHITE,12.283523981280078,1.166443437262355,34.39386714758422,43.0
CLCS4-SP-cooling sheets twin-HSV-Exact-Disc-Fix-T-GRAPHITE,Batch 1,Hero SKC · capped until Twin roots declared,1,1,2976.0,CL-COOLING-SHEET-TWIN-GRAPHITE,3.5714285714285716,0.382,7.642857142857144,10.0
CLCS4-SP-cooling sheets-VHSV-Exact-Disc-Fix-Q-GRAPHITE,Batch 1,Hero SKC · capped probe (Sleephoria-held head term),1,1,77377.0,CL-COOLING-SHEET-QUEEN-GRAPHITE,3.5714285714285716,0.2708571428571429,8.964285714285714,12.0
CLCS4-SP-cooling soft sheets-LSV-Exact-Disc-Fix-Q-GRAPHITE,Batch 1,Hero SKC · capped until head roots declared,1,1,401.0,CL-COOLING-SHEET-QUEEN-GRAPHITE,0.20317333333333337,0.013003093333333337,0.5688853333333334,10.0
CLCS4-SP-cooling twin sheets set-LSV-Exact-Disc-Fix-T-GRAPHITE,Batch 1,Hero SKC · capped until Twin roots declared,1,1,451.0,CL-COOLING-SHEET-TWIN-GRAPHITE,0.22850666666666666,0.014624426666666667,0.6398186666666666,10.0
CLCS4-SP-cooling twin sheets-MSV-Exact-Disc-Fix-T-GRAPHITE,Batch 1,Hero SKC · capped until Twin roots declared,1,1,682.0,CL-COOLING-SHEET-TWIN-GRAPHITE,0.4685714285714285,0.029988571428571427,1.3119999999999998,10.0
CLCS4-SP-deep pocket cooling king sheet set-MSV-Exact-Disc-Fix-K-GRAPHITE,Batch 1,Hero SKC · capped until King roots declared,1,1,593.0,CL-COOLING-SHEET-KING-GRAPHITE,0.3701714285714286,0.02369097142857143,1.03648,10.0
CLCS4-SP-deep pocket cooling queen sheets-LSV-Exact-Rank-Fix-Q-GRAPHITE,Batch 1,Hero SKC · Ranking,1,1,677.0,CL-COOLING-SHEET-QUEEN-GRAPHITE,1.2534285714285716,0.08021942857142858,3.5096000000000003,10.0
CLCS4-SP-deep pocket cooling sheets-MSV-Exact-Disc-Fix-Q-GRAPHITE,Batch 1,Hero SKC · capped until head roots declared,1,1,901.0,CL-COOLING-SHEET-QUEEN-GRAPHITE,0.42874285714285715,0.027439542857142857,1.0632822857142856,10.0
CLCS4-SP-deep pocket king sheet set cooling-LSV-Exact-Disc-Fix-K-GRAPHITE,Batch 1,Hero SKC · capped until King roots declared,1,1,636.0,CL-COOLING-SHEET-KING-GRAPHITE,0.2694285714285714,0.01724342857142857,0.7543999999999998,10.0
CLCS4-SP-deep pocket queen sheets cooling-MSV-Exact-Rank-Fix-Q-GRAPHITE,Batch 1,Hero SKC · Ranking,1,1,766.0,CL-COOLING-SHEET-QUEEN-GRAPHITE,1.850857142857143,0.11845485714285715,3.7757485714285717,10.0
CLCS4-SP-full bed sheets cooling-LSV-Exact-Disc-Fix-F-COOL-GREY,Batch 1,Hero SKC · capped until Full roots declared,1,1,662.0,CL-COOLING-SHEET-FULL-COOL-GREY,0.2975428571428571,0.019042742857142855,0.8331199999999999,10.0
CLCS4-SP-full cooling sheets-LSV-Exact-Disc-Fix-F-COOL-GREY,Batch 1,Hero SKC · capped until Full roots declared,1,1,590.0,CL-COOLING-SHEET-FULL-COOL-GREY,0.22491428571428568,0.014394514285714284,0.6297599999999999,10.0
CLCS4-SP-full sheet set cooling-LSV-Exact-Disc-Fix-F-COOL-GREY,Batch 1,Hero SKC · capped until Full roots declared,1,1,674.0,CL-COOLING-SHEET-FULL-COOL-GREY,0.2834857142857143,0.018143085714285714,0.7937599999999999,10.0
CLCS4-SP-full size bed sheet cooling-LSV-Exact-Disc-Fix-F-COOL-GREY,Batch 1,Hero SKC · capped until Full roots declared,1,1,454.0,CL-COOLING-SHEET-FULL-COOL-GREY,0.23002666666666663,0.014721706666666664,0.6440746666666666,10.0
CLCS4-SP-full size bed sheets cooling-MSV-Exact-Disc-Fix-F-COOL-GREY,Batch 1,Hero SKC · capped until Full roots declared,1,1,924.0,CL-COOLING-SHEET-FULL-COOL-GREY,0.45685714285714285,0.029238857142857143,1.2792,10.0
CLCS4-SP-full size cooling sheets breathable-LSV-Exact-Disc-Fix-F-COOL-GREY,Batch 1,Hero SKC · capped until Full roots declared,1,1,509.0,CL-COOLING-SHEET-FULL-COOL-GREY,0.2578933333333333,0.01650517333333333,0.7221013333333333,10.0
CLCS4-SP-full size cooling sheets set-LSV-Exact-Disc-Fix-F-COOL-GREY,Batch 1,Hero SKC · capped until Full roots declared,1,1,411.0,CL-COOLING-SHEET-FULL-COOL-GREY,0.20824,0.013327360000000002,0.583072,10.0
CLCS4-SP-full size cooling sheets-HSV-Exact-Disc-Fix-F-COOL-GREY,Batch 1,Hero SKC · capped until Full roots declared,1,1,1735.0,CL-COOLING-SHEET-FULL-COOL-GREY,3.5714285714285716,0.2285714285714286,9.964285714285715,13.0
CLCS4-SP-full size sheets cooling-HSV-Exact-Disc-Fix-F-COOL-GREY,Batch 1,Hero SKC · capped until Full roots declared,1,1,1959.0,CL-COOLING-SHEET-FULL-COOL-GREY,0.8059428571428572,0.057576557714285645,1.4587565714285715,10.0
CLCS4-SP-king bed sheets cooling-HSV-Exact-Disc-Fix-K-GRAPHITE,Batch 1,Hero SKC · capped until King roots declared,1,1,1109.0,CL-COOLING-SHEET-KING-GRAPHITE,1.0027428571428572,0.06417554285714286,2.80768,10.0
CLCS4-SP-king cooling sheet set-MSV-Exact-Disc-Fix-K-GRAPHITE,Batch 1,Hero SKC · capped until King roots declared,1,1,644.0,CL-COOLING-SHEET-KING-GRAPHITE,0.6349142857142858,0.04063451428571429,1.77776,10.0
CLCS4-SP-king cooling sheets deep pocket-LSV-Exact-Disc-Fix-K-GRAPHITE,Batch 1,Hero SKC · capped until King roots declared,1,1,651.0,CL-COOLING-SHEET-KING-GRAPHITE,0.24365714285714288,0.015594057142857144,0.6822400000000001,10.0
CLCS4-SP-king cooling sheets-HSV-Exact-Disc-Fix-K-GRAPHITE,Batch 1,Hero SKC · capped until King roots declared,1,1,3271.0,CL-COOLING-SHEET-KING-GRAPHITE,2.235085714285714,0.16092617142857138,4.805434285714285,10.0
CLCS4-SP-king sheet set cooling-MSV-Exact-Disc-Fix-K-GRAPHITE,Batch 1,Hero SKC · capped until King roots declared,1,1,1023.0,CL-COOLING-SHEET-KING-GRAPHITE,0.6489714285714285,0.04153417142857143,1.8171199999999998,10.0
CLCS4-SP-king sheet set deep pocket cooling-LSV-Exact-Disc-Fix-K-GRAPHITE,Batch 1,Hero SKC · capped until King roots declared,1,1,476.0,CL-COOLING-SHEET-KING-GRAPHITE,0.24117333333333335,0.015435093333333335,0.6752853333333333,10.0
CLCS4-SP-king sheets cooling deep pocket-LSV-Exact-Disc-Fix-K-GRAPHITE,Batch 1,Hero SKC · capped until King roots declared,1,1,441.0,CL-COOLING-SHEET-KING-GRAPHITE,0.22344000000000003,0.014300160000000003,0.6256320000000001,10.0
CLCS4-SP-king sheets cooling-HSV-Exact-Disc-Fix-K-GRAPHITE,Batch 1,Hero SKC · capped until King roots declared,1,1,4954.0,CL-COOLING-SHEET-KING-GRAPHITE,3.5714285714285716,0.2285714285714286,20.892857142857142,27.0
CLCS4-SP-king sheets deep pocket cooling-MSV-Exact-Disc-Fix-K-GRAPHITE,Batch 1,Hero SKC · capped until King roots declared,1,1,697.0,CL-COOLING-SHEET-KING-GRAPHITE,0.41000000000000003,0.026240000000000003,1.148,10.0
CLCS4-SP-king size bed sheets cooling-MSV-Exact-Disc-Fix-K-GRAPHITE,Batch 1,Hero SKC · capped until King roots declared,1,1,819.0,CL-COOLING-SHEET-KING-GRAPHITE,0.6161714285714285,0.059152457142857134,2.242864,10.0
CLCS4-SP-king size cooling sheets deep pocket set-LSV-Exact-Disc-Fix-K-GRAPHITE,Batch 1,Hero SKC · capped until King roots declared,1,1,601.0,CL-COOLING-SHEET-KING-GRAPHITE,0.2577142857142857,0.016493714285714285,0.7215999999999998,10.0
CLCS4-SP-king size cooling sheets set-MSV-Exact-Disc-Fix-K-GRAPHITE,Batch 1,Hero SKC · capped until King roots declared,1,1,1023.0,CL-COOLING-SHEET-KING-GRAPHITE,0.6161714285714285,0.03943497142857142,1.7252799999999997,10.0
CLCS4-SP-king size cooling sheets-HSV-Exact-Disc-Fix-K-GRAPHITE,Batch 1,Hero SKC · capped until King roots declared,1,1,4967.0,CL-COOLING-SHEET-KING-GRAPHITE,3.5714285714285716,0.45257142857142857,17.464285714285715,22.0
CLCS4-SP-king size sheets cooling set-LSV-Exact-Disc-Fix-K-GRAPHITE,Batch 1,Hero SKC · capped until King roots declared,1,1,415.0,CL-COOLING-SHEET-KING-GRAPHITE,0.21026666666666669,0.013457066666666668,0.5887466666666666,10.0
CLCS4-SP-king size sheets set cooling-HSV-Exact-Disc-Fix-K-GRAPHITE,Batch 1,Hero SKC · capped until King roots declared,1,1,3492.0,CL-COOLING-SHEET-KING-GRAPHITE,2.600571428571429,0.16643657142857146,8.42585142857143,11.0
CLCS4-SP-king size sheets set deep pockets cooling-LSV-Exact-Disc-Fix-K-GRAPHITE,Batch 1,Hero SKC · capped until King roots declared,1,1,486.0,CL-COOLING-SHEET-KING-GRAPHITE,0.23662857142857147,0.015144228571428574,0.66256,10.0
CLCS4-SP-queen bed sheets cooling-HSV-Exact-Rank-Fix-Q-GRAPHITE,Batch 1,Hero SKC · Ranking,1,1,2630.0,CL-COOLING-SHEET-QUEEN-GRAPHITE,3.5714285714285716,0.2285714285714286,14.0,18.0
CLCS4-SP-queen bed sheets set cooling-LSV-Exact-Rank-Fix-Q-GRAPHITE,Batch 1,Hero SKC · Ranking,1,1,403.0,CL-COOLING-SHEET-QUEEN-GRAPHITE,1.0209333333333332,0.06533973333333333,2.858613333333333,10.0
CLCS4-SP-queen bedsheets cooling-LSV-Exact-Rank-Fix-Q-GRAPHITE,Batch 1,Hero SKC · Ranking,1,1,415.0,CL-COOLING-SHEET-QUEEN-GRAPHITE,1.0513333333333335,0.06728533333333334,2.9437333333333333,10.0
CLCS4-SP-queen cooling sheet set-MSV-Exact-Rank-Fix-Q-GRAPHITE,Batch 1,Hero SKC · Ranking,1,1,766.0,CL-COOLING-SHEET-QUEEN-GRAPHITE,2.3194285714285714,0.14844342857142856,6.4944,10.0
CLCS4-SP-queen cooling sheets set-LSV-Exact-Rank-Fix-Q-GRAPHITE,Batch 1,Hero SKC · Ranking,1,1,411.0,CL-COOLING-SHEET-QUEEN-GRAPHITE,1.0412000000000001,0.06663680000000001,2.91536,10.0
CLCS4-SP-queen cooling sheets-HSV-Exact-Rank-Fix-Q-GRAPHITE,Batch 1,Hero SKC · Ranking,1,1,4728.0,CL-COOLING-SHEET-QUEEN-GRAPHITE,3.5714285714285716,0.3662857142857143,10.642857142857144,14.0
CLCS4-SP-queen sheet set cooling sheets-MSV-Exact-Rank-Fix-Q-GRAPHITE,Batch 1,Hero SKC · Ranking,1,1,1213.0,CL-COOLING-SHEET-QUEEN-GRAPHITE,2.0500000000000003,0.1312,5.74,10.0
CLCS4-SP-queen sheet set cooling-HSV-Exact-Rank-Fix-Q-GRAPHITE,Batch 1,Hero SKC · Ranking,1,1,1023.0,CL-COOLING-SHEET-QUEEN-GRAPHITE,3.5714285714285716,0.2285714285714286,10.0,13.0
CLCS4-SP-queen sheets cooling-HSV-Exact-Rank-Fix-Q-GRAPHITE,Batch 1,Hero SKC · Ranking,1,1,4964.0,CL-COOLING-SHEET-QUEEN-GRAPHITE,4.947352542673628,0.35977147690322575,14.941004678874357,19.0
CLCS4-SP-queen sheets deep pocket cooling-LSV-Exact-Rank-Fix-Q-GRAPHITE,Batch 1,Hero SKC · Ranking,1,1,616.0,CL-COOLING-SHEET-QUEEN-GRAPHITE,1.1245714285714283,0.07197257142857141,3.148799999999999,10.0
CLCS4-SP-queen size bed sheets cooling-LSV-Exact-Rank-Fix-Q-GRAPHITE,Batch 1,Hero SKC · Ranking,1,1,649.0,CL-COOLING-SHEET-QUEEN-GRAPHITE,1.2182857142857144,0.07797028571428573,3.4112,10.0
CLCS4-SP-queen size cooling sheets deep pocket-LSV-Exact-Rank-Fix-Q-GRAPHITE,Batch 1,Hero SKC · Ranking,1,1,527.0,CL-COOLING-SHEET-QUEEN-GRAPHITE,1.0191428571428571,0.06522514285714286,2.8535999999999997,10.0
CLCS4-SP-queen size sheet set cooling-LSV-Exact-Rank-Fix-Q-GRAPHITE,Batch 1,Hero SKC · Ranking,1,1,631.0,CL-COOLING-SHEET-QUEEN-GRAPHITE,1.1480000000000001,0.07347200000000001,3.2144000000000004,10.0
CLCS4-SP-queen size sheets cooling-HSV-Exact-Rank-Fix-Q-GRAPHITE,Batch 1,Hero SKC · Ranking,1,1,1023.0,CL-COOLING-SHEET-QUEEN-GRAPHITE,3.537714285714286,0.2264137142857143,9.9056,13.0
CLCS4-SP-sabanas frias queen-HSV-Exact-Rank-Fix-Q-GRAPHITE,Batch 1,Hero SKC · Ranking,1,1,2531.0,CL-COOLING-SHEET-QUEEN-GRAPHITE,3.5714285714285716,0.2285714285714286,10.0,13.0
CLCS4-SP-sabanas frias-HSV-Exact-Disc-Fix-Q-GRAPHITE,Batch 1,Hero SKC · capped until head roots declared,1,1,1735.0,CL-COOLING-SHEET-QUEEN-GRAPHITE,0.8246857142857142,0.05277988571428571,2.3091199999999996,10.0
CLCS4-SP-sheets cooling-MSV-Exact-Disc-Fix-Q-GRAPHITE,Batch 1,Hero SKC · capped until head roots declared,1,1,924.0,CL-COOLING-SHEET-QUEEN-GRAPHITE,0.44982857142857136,0.02878902857142857,1.2595199999999998,10.0
CLCS4-SP-sheets for hot sleepers-MSV-Exact-Disc-Fix-Q-GRAPHITE,Batch 1,Hero SKC · capped until head roots declared,1,1,634.0,CL-COOLING-SHEET-QUEEN-GRAPHITE,0.3490857142857143,0.0195488,0.9774399999999999,10.0
CLCS4-SP-sheets king cool-LSV-Exact-Disc-Fix-K-GRAPHITE,Batch 1,Hero SKC · capped until King roots declared,1,1,429.0,CL-COOLING-SHEET-KING-GRAPHITE,0.21736,0.01391104,0.6086079999999999,10.0
CLCS4-SP-sheets queen cooling-MSV-Exact-Rank-Fix-Q-GRAPHITE,Batch 1,Hero SKC · Ranking,1,1,924.0,CL-COOLING-SHEET-QUEEN-GRAPHITE,2.506857142857143,0.16043885714285716,7.0192000000000005,10.0
CLCS4-SP-soft cooling sheets-MSV-Exact-Disc-Fix-Q-GRAPHITE,Batch 1,Hero SKC · capped until head roots declared,1,1,939.0,CL-COOLING-SHEET-QUEEN-GRAPHITE,0.5482285714285715,0.03508662857142858,1.5350400000000002,10.0
CLCS4-SP-twin bed cooling sheets-LSV-Exact-Disc-Fix-T-GRAPHITE,Batch 1,Hero SKC · capped until Twin roots declared,1,1,429.0,CL-COOLING-SHEET-TWIN-GRAPHITE,0.21736,0.01391104,0.6086079999999999,10.0
CLCS4-SP-twin bed sheets cooling-LSV-Exact-Disc-Fix-T-GRAPHITE,Batch 1,Hero SKC · capped until Twin roots declared,1,1,636.0,CL-COOLING-SHEET-TWIN-GRAPHITE,0.20382857142857141,0.013045028571428571,0.5707199999999999,10.0
CLCS4-SP-twin cooling sheets-HSV-Exact-Disc-Fix-T-GRAPHITE,Batch 1,Hero SKC · capped until Twin roots declared,1,1,1305.0,CL-COOLING-SHEET-TWIN-GRAPHITE,0.7216,0.0620576,1.529792,10.0
CLCS4-SP-twin sheets cooling-LSV-Exact-Disc-Fix-T-GRAPHITE,Batch 1,Hero SKC · capped until Twin roots declared,1,1,603.0,CL-COOLING-SHEET-TWIN-GRAPHITE,0.2506857142857143,0.016043885714285715,0.70192,10.0
CLCS4-SP-twin size cooling sheets set-LSV-Exact-Disc-Fix-T-GRAPHITE,Batch 1,Hero SKC · capped until Twin roots declared,1,1,555.0,CL-COOLING-SHEET-TWIN-GRAPHITE,0.20382857142857141,0.013045028571428571,0.5707199999999999,10.0
CLCS4-SP-white cooling sheets-LSV-Exact-Disc-Fix-Q-WHITE,Batch 1,Hero SKC · capped until head roots declared,1,1,644.0,CL-COOLING-SHEET-QUEEN-WHITE,0.3116,0.0199424,0.8724799999999999,10.0
