"Display Order","Product Details","ASIN","URL","Image URL","Brand","Price  $","Parent Level Sales","ASIN Sales","Recent Purchases","Parent Level Revenue","ASIN Revenue","Title Char. Count","BSR","Seller Country/Region","Fees  $","Active Sellers","Ratings","Review Count","Images","Review velocity","Buy Box","Category","Size Tier","Fulfillment","Dimensions","Weight","ABA Most Clicked","Creation Date","Sponsored","Best Seller","Seller Age (mo)","Seller"
1.,"Levtex Home Cross Stitch Reversible King/Cal King Quilt Set (106x92in) and 2 Pillow Shams (36x20in) - Stitch Texture - Taupe - Cotton King Size Quilt Bedding Set - Lightweight Soft Pre-Washed","B07NQ1GLWH","https://www.amazon.com/dp/B07NQ1GLWH?psc=1","https://m.media-amazon.com/images/I/81oI4HaV-6L._AC_SY355_.jpg","Levtex Home",133.65,2072,19,"N/A",284115.7,2610.05,191,33874,"US",34.94,2,4.2,767,9,4,"Max&Taffy","Home & Kitchen","Large and Bulky","FBA","18.78 x 10.31 x 13.54 in",9.37,"N/A","Mar 12, 2021","Sponsored Brand Video","No",66,"Max&Taffy"
2.,"Levtex Home Pisa Reversible King/Cal King Quilt Set (106x92in) with 2 Pillow Shams (36x20in) - Floral Peacock - Grey, Taupe - 100% Cotton King Size Quilt Bedding Set - Lightweight, Soft, Pre-Washed","B082LPRVFM","https://www.amazon.com/dp/B082LPRVFM?psc=1","https://m.media-amazon.com/images/I/915bVORu+NL._AC_SY355_.jpg","Levtex Home",144.49,123,30,"N/A",17409.94,4562.29,197,218090,"US",35.78,3,4.6,265,9,1,"Max&Taffy","Home & Kitchen","Large and Bulky","FBA","16.50 x 10.00 x 14.00 in",8.25,"N/A","Dec 10, 2019","Sponsored Brand Video","No",81,"Max&Taffy"
3.,"Levtex Home - Ophelia Quilt Set - King Quilt and Two King Shams - Floral - Taupe Grey Cream Blush - Quilt (106x92in.) and Shams (20x36in.) - Reversible - Rayon/Cotton","B0BGT78Y76","https://www.amazon.com/dp/B0BGT78Y76?psc=1","https://m.media-amazon.com/images/I/91e9MrACNcL._AC_SY355_.jpg","Levtex Home",143.99,546,22,50,68461.74,3687.81,166,154489,"US",37.09,2,4.5,190,9,4,"Max&Taffy","Home & Kitchen","Large and Bulky","FBA","18.10 x 9.50 x 13.80 in",9.4,"N/A","Sep 29, 2022","Sponsored Brand Video","No",48,"Max&Taffy"
4.,"($) White Queen Quilt Bedding Set with 2 Pillow Shams, White Quilts Full Size","B00SFFOFY4","https://www.amazon.com/dp/B00SFFOFY4?psc=1","https://m.media-amazon.com/images/I/81Icf0a1kML._AC_SY355_.jpg","Southshore Fine Living, Inc.",54.99,9580,303,300,519647.93,16672.36,73,6682,"US",17.72,3,4.6,13910,9,97,"SouthShore Fine Living, Inc.","Home & Kitchen","Large Standard-Size","FBA","15.87 x 7.09 x 10.87 in",7.23,"N/A","Jan 19, 2015","Sponsored","No",140,"SouthShore Fine Living, Inc."
5.,"($) Davulos Queen Quilt Bedding Set, White Ultrasonic Full/Queen Quilt Set Reversible Microfiber Bedspread, Lightweight Soft Modern Geometric Coverlet Set for All Seasons(1 Quilt, 2 Pillow Shams)","B0DBVQ1LBS","https://www.amazon.com/dp/B0DBVQ1LBS?psc=1","https://m.media-amazon.com/images/I/81TsPxo1fTL._AC_SY355_.jpg","Davulos",23.99,3626,482,600,98349.8,11326.65,191,14287,"CN",11.58,2,4.5,649,8,42,"FANNOLI","Home & Kitchen","Large Standard-Size","FBA","13.62 x 5.71 x 10.47 in",4.45,"N/A","Aug 1, 2024","Sponsored","No",25,"FANNOLI"
6.,"($) Secgo King Size Comforter Set- 100% Cotton Quilt King Size Set, Green, Sage bedspreads (96 * 108 Inch) with 2 Pillow Shams, Patchwork Reversible Lightweight Bedding","B091CBY73X","https://www.amazon.com/dp/B091CBY73X?psc=1","https://m.media-amazon.com/images/I/810qfdjn0qL._AC_SY355_.jpg","Secgo",85.49,4961,400,400,546681.75,36025.2,164,8178,"CN",24.04,2,4.6,6897,6,72,"Brindille","Home & Kitchen","Large Standard-Size","FBA","17.09 x 4.61 x 12.56 in",7.85,"N/A","May 10, 2021","Sponsored","No",64,"Brindille"
7.,"($) SONORO KATE 100% Cotton Paisley Quilt Set Queen Size, Cozy Lightweight","B0G6DH2Z1G","https://www.amazon.com/dp/B0G6DH2Z1G?psc=1","https://m.media-amazon.com/images/I/81bPF7VTQcL._AC_SY355_.jpg","SONORO KATE",59.99,57,4,"N/A",3430.4,235.96,70,365139,"CN",19.54,1,4.6,568,7,"N/A","SONORO KATE","Home & Kitchen","Large Standard-Size","FBA","16.93 x 5.71 x 13.23 in",5.62,"N/A","Dec 11, 2025","Sponsored","No",9,"SONORO KATE"
8.,"Love's cabin Quilts for Queen Bed Blue Bedspreads - Soft Bed Summer Lightweight Bedspread Comforter - Modern Style Coin Pattern Coverlet for All Season - 3 Pieces (1 Quilt, 2 Pillow Shams)","B08LDD8HBW","https://www.amazon.com/dp/B08LDD8HBW?psc=1","https://m.media-amazon.com/images/I/91rbRjfsNlL._AC_SY355_.jpg","Love's cabin",25.99,32390,1980,2000,1178630.84,52906.18,188,330,"CN",11.63,9,4.6,9247,7,178,"Lovescabin","Home & Kitchen","Large Standard-Size","FBA","14.45 x 7.01 x 7.09 in",5.25,"N/A","Oct 19, 2020",,"No",71,"Lovescabin"
9.,"akkialla Queen Quilt Bedding Set, Olive Green Ultrasonic Full/Queen Quilt Set, Lightweight Soft Bedspread Coverlet, Modern Style Coin Pattern Bed Cover for All Seasons, 3 Piece(1 Quilt, 2 Pillow Shams)","B0D86FWKRW","https://www.amazon.com/dp/B0D86FWKRW?psc=1","https://m.media-amazon.com/images/I/81wzhnilGhL._AC_SY355_.jpg","akkialla",21.99,6835,866,1000,201928.95,19389.86,201,4733,"CN",11.19,1,4.4,2363,7,126,"Joer&Linry","Home & Kitchen","Large Standard-Size","FBA","14.13 x 5.00 x 10.94 in",4.54,"N/A","Jun 26, 2024",,"No",27,"Joer&Linry"
10.,"FLYMME Quilts Queen Size - Ultra Soft Navy Blue Quilt Lightweight Microfiber Bedspreads, Classic Basket Weave Pattern Bedspread Bed Coverlet 3 Pieces for All-Season (1 Quilt, 2 Pillow Shams)","B0D8JF6DDS","https://www.amazon.com/dp/B0D8JF6DDS?psc=1","https://m.media-amazon.com/images/I/81FerbiIQ9L._AC_SY355_.jpg","FLYMME",21.98,5197,710,1000,148568.11,15613.88,190,5183,"CN",12,1,4.3,1377,7,80,"LUULLA","Home & Kitchen","Large Standard-Size","FBA","14.61 x 3.74 x 10.43 in",4.48,"N/A","Jul 1, 2024",,"No",26,"LUULLA"
11.,"Secgo California King Quilt Size - 100% Cotton Oversized California Comforter Set Green Bedding Sets (120 * 110 Inch) with 2 Pillow Shams, Patchwork Reversible Lightweight Bedspread","B09C1TRSP2","https://www.amazon.com/dp/B09C1TRSP2?psc=1","https://m.media-amazon.com/images/I/81pZAhDH7IL._AC_SY355_.jpg","Secgo",119.99,4961,286,200,546681.75,39172.4,181,8178,"CN",31.38,3,4.6,6897,6,72,"Brindille","Home & Kitchen","Large Standard-Size","FBA","17.00 x 6.50 x 11.50 in",9.4,"N/A","Mar 20, 2021","Sponsored Brand Video","No",66,"Brindille"
12.,"WDCOZY Cloud Soft Quilt Set, King Size, Light Beige, 3 Pieces 104x90 inches","B0DJ6WWZP2","https://www.amazon.com/dp/B0DJ6WWZP2?psc=1","https://m.media-amazon.com/images/I/81Vj1MSRN6L._AC_SY355_.jpg","WDCOZY",49.99,5766,156,"N/A",272901.8,7795.77,75,904,"HK",15.81,3,4.3,5268,9,368,"WDCOZY","Home & Kitchen","Large Standard-Size","FBA","17.20 x 7.80 x 7.83 in",5.64,"N/A","Sep 28, 2024",,"No",24,"WDCOZY"
13.,"WONGS BEDDING Beige Quilt Queen Size, Boho Striped Bedspread","B0DFH3X2CH","https://www.amazon.com/dp/B0DFH3X2CH?psc=1","https://m.media-amazon.com/images/I/81CMP4tMLjL._AC_SY355_.jpg","WONGS BEDDING",33.26,2778,331,300,104327.5,11335.9,60,12146,"HK",14.02,2,4.6,1108,8,39,"Wongs bedding USA( Gift shop)","Home & Kitchen","Large Standard-Size","FBA","14.41 x 7.01 x 7.40 in",4.17,"N/A","Nov 14, 2024",,"No",22,"Wongs bedding USA( Gift shop)"
14.,"Bedsure Quilts Queen Size - Grey Bedspreads Queen Size with Basket Weave Pattern, Soft Quilt Bedding Set, Lightweight Comforter Set Coverlet for All Seasons with 2 Pillow Shams (90"" x 96"")","B01DLK7WR4","https://www.amazon.com/dp/B01DLK7WR4?psc=1","https://m.media-amazon.com/images/I/81dhvC1WbLL._AC_SY355_.jpg","Bedsure",33.99,8709,718,800,388282.56,28795.92,188,2806,"US",14.74,1,4.6,18161,9,164,"Bedsure  Collections","Home & Kitchen","Large Standard-Size","FBA","14.61 x 7.44 x 7.72 in",5.58,"N/A","Mar 29, 2016",,"No",126,"Bedsure  Collections"
15.,"($) EVERGRACE 100% Cotton Cross Stitch 3-Piece Quilt Set, King, Powder Blue","B0GYP4VH5B","https://www.amazon.com/dp/B0GYP4VH5B?psc=1","https://m.media-amazon.com/images/I/81qeMhkWFSL._AC_SY355_.jpg","EverGrace",119.99,1480,8,"N/A",185050.47,1044.07,71,22705,"US",34,2,4.5,452,9,20,"EVERGRACEHOME","Home & Kitchen","Large and Bulky","FBA","19.60 x 5.08 x 17.13 in",9.79,"N/A","Apr 27, 2026","Sponsored","No",5,"EVERGRACEHOME"
16.,"($) 100% Cotton King Size Quilt Set, Solid Retro Blue Paisley Bedspreads","B0FZJ1Q35V","https://www.amazon.com/dp/B0FZJ1Q35V?psc=1","https://m.media-amazon.com/images/I/91fUOfqNUpL._AC_SY355_.jpg","AJOCCI",116.99,1439,14,"N/A",135352.1,1507.69,68,72341,"CN",27.76,1,4.5,250,8,9,"MEIZIZI","Home & Kitchen","Large Standard-Size","FBA","15.83 x 5.71 x 11.69 in",8.18,"N/A","Nov 3, 2025","Sponsored","No",10,"MEIZIZI"
17.,"($) LEAONME Cotton Quilt Set Oversized California King, Beige 120''x120'' Coverlet Bedspread, 3 Piece Lightweight Bedding Set with 2 Shams","B0H2WHK6QX","https://www.amazon.com/dp/B0H2WHK6QX?psc=1","https://m.media-amazon.com/images/I/817O3IBVLYL._AC_SY355_.jpg","LEAONME",172.99,0,0,"N/A",0,0,134,236240,"CN","N/A",1,4.2,6,"N/A",0,"LEAONME HOME","Home & Kitchen","N/A","N/A","N/A","N/A","N/A","N/A","Sponsored","No","N/A","LEAONME HOME"
18.,"($) DOWN HOME Luxury Prewashed Microfiber Quilt Set Queen Size – Ultra Soft Brushed Microfiber Bedding with 2 Shams, All-Season Lightweight Coverlet, Wrinkle & Fade Resistant (White, 3-Piece, 88""x92"")","B0H4Z56W25","https://www.amazon.com/dp/B0H4Z56W25?psc=1","https://m.media-amazon.com/images/I/71eO6dEBqTL._AC_SY355_.jpg","DOWN HOME",42.99,134,38,"N/A",5740.21,1647.36,196,201636,"US",14.33,1,4.8,23,8,21,"Down Home Manufacturing LLC","Home & Kitchen","Large Standard-Size","FBA","6.30 x 17.30 x 6.30 in",4.8,"N/A","Jun 11, 2026","Sponsored","No",3,"Down Home Manufacturing LLC"
19.,"Mybedsoul Boho Quilts Queen Size, Patchwork Floral Bedding Set, Blue","B0BGS9VP2S","https://www.amazon.com/dp/B0BGS9VP2S?psc=1","https://m.media-amazon.com/images/I/9146yXrH8xL._AC_SY355_.jpg","Mybedsoul",32.84,4275,277,400,183417.06,12450.97,68,8690,"CN",14.71,1,4.6,4241,6,98,"Shaozhi US","Home & Kitchen","Large Standard-Size","FBA","14.02 x 6.65 x 7.72 in",4.1,"N/A","Sep 29, 2022",,"No",48,"Shaozhi US"
20.,"Wake In Cloud - Floral Quilt Set, Coquette Cottagecore Shabby Chic Flower Pattern for Women Teen Girls, Reversible Lightweight Bedspread Coverlet, 3 Pieces, Pink, Queen/Full Size","B0CRPT3D1D","https://www.amazon.com/dp/B0CRPT3D1D?psc=1","https://m.media-amazon.com/images/I/81vCprsAEzL._AC_SY355_.jpg","Wake In Cloud",25.99,1708,57,"N/A",52471.01,1570.74,178,19658,"AU",11.3,2,4.6,477,8,31,"Wake In Cloud","Home & Kitchen","Large Standard-Size","FBA","13.43 x 4.09 x 10.75 in",4.23,"N/A","Jan 6, 2024",,"No",32,"Wake In Cloud"
21.,"akkialla Full/Queen Size Quilt Bedding Set, Beige Lightweight Microfiber Soft Bedspread, Modern Style Geoetric Pattern Coverlet Set for All Seasons, 3 Piece(1 Quilt, 2 Pillow Shams)","B0DD3YKGCZ","https://www.amazon.com/dp/B0DD3YKGCZ?psc=1","https://m.media-amazon.com/images/I/81fj2tyxBwL._AC_SY355_.jpg","akkialla",23.79,4219,518,600,121973.48,12574.79,181,6221,"CN",11.28,1,4.4,1308,8,83,"Joer&Linry","Home & Kitchen","Large Standard-Size","FBA","13.27 x 4.72 x 9.76 in",4.5,"N/A","Aug 14, 2024",,"No",25,"Joer&Linry"
22.,"Woolrich Quilt Set Queen, Southwestern Aztec Bedding, Reversible Lightweight Bedspread, Oversized Rustic Cabin Quilt Set, Western Farmhouse Bedding with Matching Shams, Black","B01IR0VOD6","https://www.amazon.com/dp/B01IR0VOD6?psc=1","https://m.media-amazon.com/images/I/81WznqxptIL._AC_SY355_.jpg","Woolrich John Rich &amp; Bros.",82.66,2041,117,100,185934.05,9698.09,174,22194,"AMZ",29.11,2,4.6,7257,11,15,"Amazon","Home & Kitchen","Large and Bulky","FBA","19.50 x 8.00 x 14.50 in",8.74,"N/A","Jul 19, 2016",,"No",122,"Amazon"
23.,"($) Secgo King Size Comforter Set- 100% Cotton Quilt King Size Set, Green, Sage bedspreads (96 * 108 Inch) with 2 Pillow Shams, Patchwork Reversible Lightweight Bedding","B091CBY73X","https://www.amazon.com/dp/B091CBY73X?psc=1","https://m.media-amazon.com/images/I/810qfdjn0qL._AC_SY355_.jpg","Secgo",85.49,4961,400,400,546681.75,36025.2,164,8178,"CN",24.04,2,4.6,6897,6,72,"Brindille","Home & Kitchen","Large Standard-Size","FBA","17.09 x 4.61 x 12.56 in",7.85,"N/A","May 10, 2021","Sponsored","No",64,"Brindille"
24.,"($) YAYIDAY Quilts Queen Size Patchwork Bedspread Set","B077MYV167","https://www.amazon.com/dp/B077MYV167?psc=1","https://m.media-amazon.com/images/I/81Fffv84ivL._AC_SY355_.jpg","YAYIDAY",119.99,55,5,"N/A",8260.17,596.13,49,374233,"CN",26.93,1,4.7,719,6,571,"YAYIDAY","Home & Kitchen","Large Standard-Size","FBA","16.86 x 4.45 x 13.55 in",8.16,"N/A","Dec 19, 2017","Sponsored","No",105,"YAYIDAY"
25.,"($) Queen Quilt Set, 3 Pieces Lightweight Microfiber Bedspread with 2 Pillow Shams, All Season Coverlet Bedding – Taupe Queen Set","B07FLH4X2Y","https://www.amazon.com/dp/B07FLH4X2Y?psc=1","https://m.media-amazon.com/images/I/81jWJ4aZypL._AC_SY355_.jpg","ANNA.Z HOME",6,32,8,"N/A",2087.29,457.06,125,403911,"US",18.84,1,4.3,1838,9,0,"ANNA.Z HOME","Home & Kitchen","Large Standard-Size","FBA","16.93 x 6.42 x 12.32 in",4.94,"N/A","Jul 14, 2018","Sponsored","No",98,"ANNA.Z HOME"
26.,"($) EVERGRACEHOME 100% Cotton Paisley Quilt Set, King Size, Olive Green","B0DLGJ2XNM","https://www.amazon.com/dp/B0DLGJ2XNM?psc=1","https://m.media-amazon.com/images/I/81pXjuk3VzL._AC_SY355_.jpg","EverGrace",109.99,1948,135,200,189862.21,14818.3,67,20732,"US",26.22,1,4.5,690,8,59,"EVERGRACEHOME","Home & Kitchen","Large Standard-Size","FBA","17.04 x 5.20 x 13.30 in",9.5,"N/A","Oct 30, 2024","Sponsored","No",23,"EVERGRACEHOME"
27.,"($) Cal King Paisley Quilt Bedding Set with 2 Shams, Reversible Taupe Quilts","B07FLBM5K1","https://www.amazon.com/dp/B07FLBM5K1?psc=1","https://m.media-amazon.com/images/I/917GTZvhjWL._AC_SY355_.jpg","Southshore Fine Living, Inc.",59.99,1251,33,"N/A",69638.67,1955.68,72,114972,"US",18.22,2,4.6,3034,9,13,"SouthShore Fine Living, Inc.","Home & Kitchen","Large Standard-Size","FBA","16.00 x 6.60 x 11.00 in",7.8,"N/A","Jul 1, 2018","Sponsored","No",98,"SouthShore Fine Living, Inc."
28.,"($) Bedsure Quilts Queen Size - Grey Bedspreads Queen Size with Basket Weave Pattern, Soft Quilt Bedding Set, Lightweight Comforter Set Coverlet for All Seasons with 2 Pillow Shams (90"" x 96"")","B01DLK7WR4","https://www.amazon.com/dp/B01DLK7WR4?psc=1","https://m.media-amazon.com/images/I/81dhvC1WbLL._AC_SY355_.jpg","Bedsure",33.99,8709,718,800,388282.56,28795.92,188,2806,"US",14.74,1,4.6,18161,9,164,"Bedsure  Collections","Home & Kitchen","Large Standard-Size","FBA","14.61 x 7.44 x 7.72 in",5.58,"N/A","Mar 29, 2016","Sponsored","No",126,"Bedsure  Collections"
29.,"($) Bedsure Quilts Queen Size - Lightweight Comforter Queen Size for Summer, Bright White Bedspread Quilt with Clover Pattern, Soft Ultrasonic Coverlet, Modern All-Season Bedding, 90 x 96 Inches","B0BMQ5QVCK","https://www.amazon.com/dp/B0BMQ5QVCK?psc=1","https://m.media-amazon.com/images/I/91pheu6DTaL._AC_SY355_.jpg","Bedsure",34.97,6963,786,900,309740.56,31699.71,190,3803,"US",13.37,2,4.4,2971,9,"N/A","Bedsure  Collections","Home & Kitchen","Large Standard-Size","FBA","14.65 x 7.09 x 7.56 in",4.98,"N/A","Nov 17, 2022","Sponsored","No",46,"Bedsure  Collections"
30.,"($) Bedsure Quilts Queen Size Bedspread, Thin Comforter, Navy Blue Coverlet","B0GC4NMJD2","https://www.amazon.com/dp/B0GC4NMJD2?psc=1","https://m.media-amazon.com/images/I/91RsSdLUdTL._AC_SY355_.jpg","Bedsure",28.49,6963,125,"N/A",309740.56,4717.83,71,3803,"US",12.39,1,4.4,2971,9,"N/A","Bedsure  Collections","Home & Kitchen","Large Standard-Size","FBA","14.76 x 6.97 x 7.60 in",4.7,"N/A","Mar 25, 2026","Sponsored","No",6,"Bedsure  Collections"
31.,"($) Bedsure Quilts Queen Size Bedspread, Lightweight Comforter, Taupe Coverlet","B0C4DBHRTD","https://www.amazon.com/dp/B0C4DBHRTD?psc=1","https://m.media-amazon.com/images/I/81PxcUtDbiL._AC_SY355_.jpg","Bedsure",39.99,6963,153,200,309740.56,7191.78,74,3803,"US",14.12,1,4.4,2971,9,"N/A","Bedsure  Collections","Home & Kitchen","Large Standard-Size","FBA","14.76 x 7.20 x 7.44 in",5.14,"N/A","May 4, 2023","Sponsored","No",40,"Bedsure  Collections"
32.,"($) Bedsure Quilts Queen Size, Lightweight Striped Thin Comforter, Sage Green","B0G7JWN2GD","https://www.amazon.com/dp/B0G7JWN2GD?psc=1","https://m.media-amazon.com/images/I/91qOLYZ0VjL._AC_SY355_.jpg","Bedsure",48.99,1753,28,"N/A",106063.65,1664.1,73,36208,"HK",17.32,1,4.6,1288,9,19,"Bedsure Sleep Solutions","Home & Kitchen","Large Standard-Size","FBA","15.20 x 7.32 x 7.56 in",5.71,"N/A","Apr 13, 2026","Sponsored","No",5,"Bedsure Sleep Solutions"
33.,"($) Bedsure Quilt Queen Size Bedspread, Thin Comforter, Cream Yellow Coverlet","B0CP5TTWJT","https://www.amazon.com/dp/B0CP5TTWJT?psc=1","https://m.media-amazon.com/images/I/91BH9sQARGL._AC_SY355_.jpg","Bedsure",44.99,25,8,100,1133.08,340.8,73,90259,"US",15.72,1,4.4,482,9,"N/A","Bedsure  Collections","Home & Kitchen","Large Standard-Size","FBA","14.72 x 7.40 x 7.44 in",5.36,"N/A","Feb 4, 2024","Sponsored","No",31,"Bedsure  Collections"
34.,"($) Oversized King Quilt Set 120x120, Lightweight Pick Stitch Design","B0H3P4H4GS","https://www.amazon.com/dp/B0H3P4H4GS?psc=1","https://m.media-amazon.com/images/I/81D3pRImcML._AC_SY355_.jpg","RiverGlow",79.99,19,3,"N/A",1229.31,214.72,64,507006,"CN",21.47,1,4.8,8,7,2,"Everlinn","Home & Kitchen","Large Standard-Size","FBA","5.90 x 15.40 x 11.50 in",9,"N/A","Jun 2, 2026","Sponsored","No",3,"Everlinn"
35.,"($) FURRFREE Quilt Set - Lightweight Comforter for All Seasons Quilt Bedding Set, Pet Hair Repellent Bedding Light Pistachio Queen Quilt with 2 Pillow Shams","B0G6KS6ZTX","https://www.amazon.com/dp/B0G6KS6ZTX?psc=1","https://m.media-amazon.com/images/I/61dcToLWLJL._AC_SY355_.jpg","SLASHOP",99,26,2,"N/A",2846.64,191.79,152,362281,"US",21.45,1,4,8,6,1,"THE SLASHOP","Home & Kitchen","Large Standard-Size","FBA","4.72 x 16.38 x 12.83 in",4.96,"N/A","Dec 12, 2025","Sponsored","No",9,"THE SLASHOP"
36.,"($) Bedsure Quilts King Size - Grey Bedspreads King Size with Basket Weave Pattern, Soft Quilt Bedding Set, Lightweight Comforter Set Coverlet for All Seasons with 2 Pillow Shams (106"" x 96"")","B01DLK7Y8Q","https://www.amazon.com/dp/B01DLK7Y8Q?psc=1","https://m.media-amazon.com/images/I/91ItsLVK3oL._AC_SY355_.jpg","Bedsure",39.99,8709,519,600,388282.56,24080.97,187,2806,"US",16.21,1,4.6,18160,9,164,"Bedsure  Collections","Home & Kitchen","Large Standard-Size","FBA","14.72 x 7.56 x 7.80 in",6.33,"N/A","Mar 29, 2016","Sponsored","No",126,"Bedsure  Collections"
37.,"($) C&F Home Shiloh Sea Glass Queen Coverlet Set Cotton Reversible Machine Washable Lightweight Bedspread Coverlet Full/Queen 3 Piece Set Green","B0CJ5D8LKQ","https://www.amazon.com/dp/B0CJ5D8LKQ?psc=1","https://m.media-amazon.com/images/I/81eBuXLQdKL._AC_SX355_.jpg","C&F Home",183.85,0,0,"N/A",0,0,139,4957738,"US","N/A",1,"N/A",0,"N/A",0,"Plum & Post","Home & Kitchen","N/A","N/A","N/A","N/A","N/A","N/A","Sponsored","No","N/A","Plum & Post"
38.,"Bedsure Queen Comforter Set Prewashed Soft Bedding Set 3Pcs White 90""x90""","B0CGLPNL77","https://www.amazon.com/dp/B0CGLPNL77?psc=1","https://m.media-amazon.com/images/I/81dTpCrVC1L._AC_SY355_.jpg","Bedsure",37.99,53955,3330,4000,3069584.09,199749.3,73,75,"HK",18.14,4,4.2,10635,7,529,"Bedsure Sleep Solutions","Home & Kitchen","Large Standard-Size","FBA","15.67 x 5.43 x 11.85 in",6,"N/A","Oct 31, 2023",,"No",35,"Bedsure Sleep Solutions"
39.,"Queen Quilt-Lightweight Bedspreads Olive Green Queen Size Quilt Bedding Set","B0CQT8LKMK","https://www.amazon.com/dp/B0CQT8LKMK?psc=1","https://m.media-amazon.com/images/I/71ghS2nS1bL._AC_SY355_.jpg","WRENSONGE",39.99,5633,647,700,307558.65,29127.09,75,7533,"CN",16.45,2,4.5,856,9,48,"Wrensonge","Home & Kitchen","Large Standard-Size","FBA","16.69 x 5.47 x 12.56 in",6.57,"N/A","Dec 22, 2023",,"No",33,"Wrensonge"
40.,"RECYCO Channel Box Stitch Velvet Quilt Set, King Size, Natural Tan","B0FHPSJW6K","https://www.amazon.com/dp/B0FHPSJW6K?psc=1","https://m.media-amazon.com/images/I/81QaAuKyPCL._AC_SY355_.jpg","RECYCO",85.49,12560,547,400,1062018.48,45955.81,66,1622,"CN",24.17,2,4.7,6141,9,142,"RECYCO HOME","Home & Kitchen","Large Standard-Size","FBA","17.00 x 5.10 x 12.80 in",10.1,"N/A","Jul 16, 2025",,"No",14,"RECYCO HOME"
41.,"HYMOKEGE Queen Comforter Set Seersucker 7 Pieces, All Season Luxury Bed in a Bag for Bedroom, Bedding Set with Comforters, Sheets, Pillowcases & Shams, Dark Grey","B0BNJDPSF7","https://www.amazon.com/dp/B0BNJDPSF7?psc=1","https://m.media-amazon.com/images/I/81VVMnTq4aL._AC_SY355_.jpg","HYMOKEGE",31.99,53001,5339,6000,2356606.75,175076.08,161,120,"CN",14.25,2,4.4,11755,9,503,"HYMOKEGE","Home & Kitchen","Large Standard-Size","FBA","16.93 x 5.12 x 11.85 in",9.52,"N/A","Nov 28, 2022",,"No",46,"HYMOKEGE"
42.,"Levtex Home Adare Taupe Reversible King/Cal King Quilt Set (106x92in) and 2 Pillow Shams (36x20in) - Floral Bedding - Taupe White - Cotton King Size Quilt Bedding Set - Lightweight, Soft, Pre-Washed","B0DN6XCXJ9","https://www.amazon.com/dp/B0DN6XCXJ9?psc=1","https://m.media-amazon.com/images/I/91KyslmZ-1L._AC_SY355_.jpg","Levtex Home",144.49,3050,111,100,363905.28,18175.47,198,22772,"US",36.17,2,4.7,214,9,14,"Max&Taffy","Home & Kitchen","Large and Bulky","MFN","18.00 x 9.75 x 13.50 in",8.85,"N/A","Nov 15, 2024",,"No",22,"Max&Taffy"
43.,"Wake In Cloud - Western Quilt Set, Southwestern Aztec Country Horse Cowboy Rustic Ranch Pattern Printed, Reversible Lightweight Bedspread Coverlet, 3 Pieces, Turquoise Taupe, Queen/Full Size","B0CTLQN9PS","https://www.amazon.com/dp/B0CTLQN9PS?psc=1","https://m.media-amazon.com/images/I/81sGpHMwNuL._AC_SY355_.jpg","Wake In Cloud",32.99,1065,142,100,34868.64,4689.59,190,60254,"AU",12.51,1,4.8,397,7,25,"Wake In Cloud","Home & Kitchen","Large Standard-Size","FBA","13.58 x 3.70 x 10.67 in",4.54,"N/A","Jan 30, 2024",,"No",32,"Wake In Cloud"
44.,"Exclusivo Mezcla Reversible Boho Quilts Queen Size Gray","B0B7MF9VL9","https://www.amazon.com/dp/B0B7MF9VL9?psc=1","https://m.media-amazon.com/images/I/81crr9Qkt+L._AC_SY355_.jpg","Exclusivo Mezcla",29.99,3072,237,300,105313.49,7101.32,55,17279,"CN",12.73,3,4.5,5305,6,33,"Exclusivo Mezcla","Home & Kitchen","Large Standard-Size","FBA","14.25 x 6.26 x 10.35 in",5.18,"N/A","Jul 25, 2022",,"No",50,"Exclusivo Mezcla"
45.,"WDCOZY Cloud Soft Quilt Set, Queen Size, Moss Green, 3 Pieces 90x90 inches","B0FCLC6282","https://www.amazon.com/dp/B0FCLC6282?psc=1","https://m.media-amazon.com/images/I/91R+K8kFQML._AC_SY355_.jpg","WDCOZY",44.99,5766,204,600,272901.8,9183.72,74,904,"HK",15.04,3,4.3,5268,9,368,"WDCOZY","Home & Kitchen","Large Standard-Size","FBA","16.77 x 6.77 x 7.36 in",4.94,"N/A","Jun 9, 2025",,"No",15,"WDCOZY"
46.,"WDCOZY Cloud Soft Quilt Set, Queen Size, Light Beige, 3 Pieces 90x90 inches","B0DJ6XGCFD","https://www.amazon.com/dp/B0DJ6XGCFD?psc=1","https://m.media-amazon.com/images/I/81Vj1MSRN6L._AC_SY355_.jpg","WDCOZY",44.99,5766,278,900,272901.8,12509.23,75,904,"HK",14.96,3,4.3,5268,9,368,"WDCOZY","Home & Kitchen","Large Standard-Size","FBA","16.77 x 6.81 x 7.09 in",4.85,"N/A","Sep 28, 2024",,"No",24,"WDCOZY"
47.,"Wonderful - Taupe Floral Quilt King Size, 3-Piece Breathable Cotton Face Bedding Set, Neutral Vintage Farmhouse Rustic Lightweight Bedspread for All Season","B0DSKMLWQ7","https://www.amazon.com/dp/B0DSKMLWQ7?psc=1","https://m.media-amazon.com/images/I/91ATZDNTtwL._AC_SY355_.jpg","Wonderful",77.99,1503,177,"N/A",121448.56,13807.18,155,45081,"US",21.17,2,4.4,376,8,16,"Wonderful Domus","Home & Kitchen","Large Standard-Size","FBA","16.81 x 5.83 x 12.76 in",6.31,"N/A","Jan 8, 2025",,"No",20,"Wonderful Domus"
48.,"Exclusivo Mezcla Ultrasonic Full Queen Quilt Bedding Set, Brich Beige","B0CS328H69","https://www.amazon.com/dp/B0CS328H69?psc=1","https://m.media-amazon.com/images/I/71Y3JT4v5GL._AC_SY355_.jpg","Exclusivo Mezcla",27.99,5550,659,800,174583.33,17267.38,69,9443,"CN",12.29,2,4.5,3295,6,88,"Exclusivo Mezcla","Home & Kitchen","Large Standard-Size","FBA","16.38 x 6.18 x 6.38 in",4.01,"N/A","Jan 10, 2024",,"No",32,"Exclusivo Mezcla"
49.,"HORIMOTE HOME Quilt Set Queen Size Navy Blue, Classic Geometric Diamond Stitched Pattern, Ultra Soft Microfiber Lightweight Bedding Bedspread Coverlet for All Season with 1 Quilt 2 Pillow Shams","B085DLHZQ1","https://www.amazon.com/dp/B085DLHZQ1?psc=1","https://m.media-amazon.com/images/I/71vQq9x6aXL._AC_SY355_.jpg","HORIMOTE HOME",29.99,5887,577,700,200169.31,17222.75,193,5587,"CN",12.62,3,4.6,9018,7,103,"HORIMOTE HOME","Home & Kitchen","Large Standard-Size","FBA","15.75 x 6.65 x 7.44 in",4.52,"N/A","Mar 3, 2020",,"No",78,"HORIMOTE HOME"
50.,"CozyLux Queen Comforter Set, 7 Pieces White Seersucker Bed in a Bag","B08CRNCJFC","https://www.amazon.com/dp/B08CRNCJFC?psc=1","https://m.media-amazon.com/images/I/81xcL-Lv2mL._AC_SY355_.jpg","CozyLux",36.99,24558,2746,3000,1550963.75,137281.62,67,809,"CN",16.7,3,4.4,10967,9,174,"CozyLux","Home & Kitchen","Large Standard-Size","FBA","16.10 x 4.29 x 13.11 in",3.53,"N/A","Nov 1, 2020",,"No",70,"CozyLux"
51.,"Secgo Queen Comforter Set for Bed - 100% Cotton Quilts Queen Size, Green, Sage Bedspreads (90 * 98 Inch) with 2 Pillow Shams, Patchwork Reversible Lightweight Bedding","B091CBXCF8","https://www.amazon.com/dp/B091CBXCF8?psc=1","https://m.media-amazon.com/images/I/810qfdjn0qL._AC_SY355_.jpg","Secgo",76.99,4961,523,500,546681.75,43260.69,166,8178,"CN",21.58,3,4.6,6897,6,64,"Brindille","Home & Kitchen","Large Standard-Size","FBA","17.17 x 5.08 x 12.09 in",6.04,"N/A","May 10, 2021",,"No",64,"Brindille"
52.,"Bedsure Quilts Queen Size - Lightweight Comforter Queen Size for Summer, Bright White Bedspread Quilt with Clover Pattern, Soft Ultrasonic Coverlet, Modern All-Season Bedding, 90 x 96 Inches","B0BMQ5QVCK","https://www.amazon.com/dp/B0BMQ5QVCK?psc=1","https://m.media-amazon.com/images/I/91pheu6DTaL._AC_SY355_.jpg","Bedsure",34.97,6963,786,900,309740.56,31699.71,190,3803,"US",13.37,2,4.4,2971,9,"N/A","Bedsure  Collections","Home & Kitchen","Large Standard-Size","FBA","14.65 x 7.09 x 7.56 in",4.98,"N/A","Nov 17, 2022",,"No",46,"Bedsure  Collections"
53.,"WDCOZY Cloud Soft Quilt Set, Queen Size, White, 3 Pieces 90x90 inches","B0B5LDJ7CF","https://www.amazon.com/dp/B0B5LDJ7CF?psc=1","https://m.media-amazon.com/images/I/81nxDfYLdQL._AC_SY355_.jpg","WDCOZY",44.99,5766,184,700,272901.8,8257.1,69,904,"HK",14.73,2,4.3,5268,9,360,"WDCOZY","Home & Kitchen","Large Standard-Size","FBA","16.97 x 6.42 x 7.52 in",4.81,"N/A","Jun 30, 2022",,"No",51,"WDCOZY"
54.,"Love's cabin King Size Quilt Set White Bedspreads - Soft Bed Summer Lightweight Bedspread Comforter - Modern Style Coin Pattern Coverlet for All Season - 3 Pieces (1 Quilt, 2 Pillow Shams)","B08ZN8LXQ9","https://www.amazon.com/dp/B08ZN8LXQ9?psc=1","https://m.media-amazon.com/images/I/81UiibbfZ5L._AC_SY355_.jpg","Love's cabin",36.99,32390,632,500,1178630.84,22656.08,188,330,"CN",14.19,7,4.5,9341,7,154,"Lovescabin","Home & Kitchen","Large Standard-Size","FBA","13.66 x 7.48 x 10.71 in",6.11,"N/A","Mar 22, 2021",,"No",66,"Lovescabin"
55.,"Exclusivo Mezcla Reversible Full Queen Quilt Bedding Set, Grey","B07S6N5C5P","https://www.amazon.com/dp/B07S6N5C5P?psc=1","https://m.media-amazon.com/images/I/81j7fsOEGfL._AC_SY355_.jpg","Exclusivo Mezcla",25.19,6663,425,400,198233.89,11118.06,62,3970,"CN",11.66,2,4.5,17277,6,"N/A","Exclusivo Mezcla","Home & Kitchen","Large Standard-Size","FBA","16.06 x 6.30 x 6.89 in",3.81,"N/A","May 27, 2019",,"No",88,"Exclusivo Mezcla"
56.,"Madison Park Vintage Floral Quilt Set, 3PC King/Cal King Reversible Bed Set","B0G2LMXRF5","https://www.amazon.com/dp/B0G2LMXRF5?psc=1","https://m.media-amazon.com/images/I/81ZrbKUr4gL._AC_SY355_.jpg","Madison Park",79.99,253,13,"N/A",14274.4,961.71,75,152286,"AMZ",21.99,2,4.1,86,12,7,"Amazon","Home & Kitchen","Large Standard-Size","FBA","16.93 x 6.93 x 13.11 in",8.09,"N/A","Nov 17, 2025",,"No",10,"Amazon"
57.,"EXQ Home Quilt Set Queen Size Summer Squares Pattern Navy Bedspread","B07SR5CLX8","https://www.amazon.com/dp/B07SR5CLX8?psc=1","https://m.media-amazon.com/images/I/81cUJ5GJkoL._AC_SY355_.jpg","EXQ Home",24.18,2369,75,100,69238.44,2249.3,67,35123,"CN",14.52,3,4.6,12007,6,18,"Exqhome","Home & Kitchen","Large Standard-Size","FBA","13.27 x 6.26 x 10.79 in",4.92,"N/A","Jun 5, 2019",,"No",87,"Exqhome"
58.,"Bedsure Quilts Queen Size - Queen Quilt Bedding Set Bedspread Coverlet Comforter, Lightweight Neutral Striped Bedding, 3-Piece Set with 90""x96"" Coverlet & 2 Pillow Shams, All-Season Soft Microfiber","B0FH51CVXT","https://www.amazon.com/dp/B0FH51CVXT?psc=1","https://m.media-amazon.com/images/I/81ESlc5bjTL._AC_SY355_.jpg","Bedsure",48.99,1753,217,200,106063.65,12790.7,197,36208,"HK",17.1,2,4.6,1288,9,27,"Bedsure Sleep Solutions","Home & Kitchen","Large Standard-Size","FBA","15.31 x 7.24 x 7.48 in",5.8,"N/A","Nov 1, 2025",,"No",10,"Bedsure Sleep Solutions"
59.,"Bedsure Tufted Boho Comforter Set Queen, Bedroom Decor Bedding Set Beige","B0CD7884D2","https://www.amazon.com/dp/B0CD7884D2?psc=1","https://m.media-amazon.com/images/I/91fgUwNk09L._AC_SX355_.jpg","Bedsure",51.99,11187,915,1000,693687.06,45557.62,72,1328,"HK",16.94,2,4.5,7878,9,12,"Bedsure Sleep Solutions","Home & Kitchen","Large Standard-Size","FBA","15.79 x 5.79 x 12.05 in",7.96,"N/A","Jul 30, 2023",,"No",38,"Bedsure Sleep Solutions"
60.,"WONGS BEDDING Boho King Quilt Bedding Set, 3 Pieces Soft Bedspread, Blue","B0B53HVCT5","https://www.amazon.com/dp/B0B53HVCT5?psc=1","https://m.media-amazon.com/images/I/816+uEco0wL._AC_SY355_.jpg","WONGS BEDDING",30.25,3491,273,400,142999.4,8509.38,72,13419,"HK",13.22,1,4.6,4520,7,86,"Wongs bedding USA( Gift shop)","Home & Kitchen","Large Standard-Size","FBA","15.20 x 7.20 x 7.28 in",4.89,"N/A","Jun 25, 2022",,"No",51,"Wongs bedding USA( Gift shop)"
61.,"Autumn Dream Cotton Bedspread Quilt Sets, Soft Reversible Coverlet Lightweight Comforters, Luxury Floral Vintage Patchwork Quilt Turquoise Bedding Sets, King Size","B0C7G6MDW2","https://www.amazon.com/dp/B0C7G6MDW2?psc=1","https://m.media-amazon.com/images/I/71Mwswed8sL._AC_SY355_.jpg","Autumn Dream",96,721,108,50,64290.92,10357.26,162,117279,"CN",24.62,1,4.6,757,9,22,"AutumnDream","Home & Kitchen","Large Standard-Size","FBA","17.28 x 7.52 x 11.81 in",8.09,"N/A","Jun 7, 2023",,"No",39,"AutumnDream"
62.,"Patchwork Quilt Set Full/Queen Size, 3 Pieces Green Floral Plaid Summer Bedspread Coverlet Set, Soft Microfiber Reversible Lightweight Bed Cover for All Season (90"" x 90"", 1 Quilt+ 2 Pillow Shams)","B09TSD62XR","https://www.amazon.com/dp/B09TSD62XR?psc=1","https://m.media-amazon.com/images/I/81qqxiy4ByL._AC_SY355_.jpg","Flysheep",29.99,1225,363,300,39109.39,10508.33,196,55343,"CN",13.78,1,4.5,2209,7,14,"GIMI HOME","Home & Kitchen","Large Standard-Size","FBA","14.65 x 3.27 x 10.75 in",3.81,"N/A","Mar 2, 2022",,"No",54,"GIMI HOME"
63.,"Wake In Cloud - Floral Quilt Set, Cute Vintage Flower Cottagecore Shabby Chic for Women Teen Girls, Reversible Lightweight Bedspread Coverlet, 3 Pieces, Olive Green, King Size","B0CRPV81W1","https://www.amazon.com/dp/B0CRPV81W1?psc=1","https://m.media-amazon.com/images/I/91738okwh5L._AC_SY355_.jpg","Wake In Cloud",38.99,1226,164,"N/A",37350.19,6024.72,175,43937,"AU",14.88,1,4.4,180,7,13,"Wake In Cloud","Home & Kitchen","Large Standard-Size","FBA","14.33 x 4.72 x 10.87 in",5.51,"N/A","Jan 6, 2024",,"No",32,"Wake In Cloud"
64.,"Andency Queen Quilt Bedding Set Sage Green, 3 Pieces Striped Bedspreads","B093P4THHF","https://www.amazon.com/dp/B093P4THHF?psc=1","https://m.media-amazon.com/images/I/91nl+f1sZUL._AC_SY355_.jpg","Andency",33.99,3589,229,300,177670.49,8913.54,71,18261,"CN",13.55,3,4.6,5808,8,44,"Andency","Home & Kitchen","Large Standard-Size","FBA","16.00 x 5.12 x 10.09 in",6.26,"N/A","Apr 28, 2021",,"No",65,"Andency"
65.,"EVERGRACEHOME Cotton Ribbed Matelassé Coverlet Set, Queen Size, Mocha Brown","B0DFGCK4PX","https://www.amazon.com/dp/B0DFGCK4PX?psc=1","https://m.media-amazon.com/images/I/81pqOI6Y5vL._AC_SY355_.jpg","EverGrace",90.24,1596,100,"N/A",147254.94,8957.9,75,25003,"US",22.12,2,4.4,420,9,31,"EVERGRACEHOME","Home & Kitchen","Large Standard-Size","FBA","16.85 x 4.41 x 13.11 in",6.68,"N/A","Aug 27, 2024",,"No",25,"EVERGRACEHOME"
66.,"VIVILINEN Blue Floral Patchwork Quilt Set, Full Queen Size, 3 Piece Bedding Set with 2 Pillowcases","B089N2X45M","https://www.amazon.com/dp/B089N2X45M?psc=1","https://m.media-amazon.com/images/I/81PrJYOriiL._AC_SY355_.jpg","VIVILINEN",37.93,1671,394,400,81389.87,14483.14,98,26635,"CN",13.65,1,4.4,2470,8,68,"Litken","Home & Kitchen","Large Standard-Size","FBA","16.26 x 2.56 x 12.32 in",5.07,"N/A","Sep 8, 2019",,"No",84,"Litken"
67.,"Litanika Floral Black Quilt King - 3Pcs Summer Boho Bedding Set","B0FWQX3CH6","https://www.amazon.com/dp/B0FWQX3CH6?psc=1","https://m.media-amazon.com/images/I/81f372hZSxL._AC_SY355_.jpg","Litanika",42.99,2846,238,200,150491.85,10467.04,63,28413,"CN",15.4,3,4.5,304,7,53,"Andency","Home & Kitchen","Large Standard-Size","FBA","15.94 x 5.24 x 10.35 in",8.25,"N/A","Oct 16, 2025",,"No",11,"Andency"
68.,"Bedsure King Size Comforter Set Boho, Vintage Plaid Bedding Set Beige 3 Pcs","B0CL4VPXQ5","https://www.amazon.com/dp/B0CL4VPXQ5?psc=1","https://m.media-amazon.com/images/I/91SLh849ZYL._AC_SY355_.jpg","Bedsure",66.99,6018,820,800,394047.16,58495,75,3835,"HK",21.45,3,4.3,2192,9,70,"Bedsure Sleep Solutions","Home & Kitchen","Large Standard-Size","FBA","15.79 x 7.87 x 12.13 in",10.3,"N/A","May 31, 2024",,"No",28,"Bedsure Sleep Solutions"
69.,"Madison Park Patchwork Farmhouse Red/Black King Quilt Set, 3pc","B0DP2YYBRF","https://www.amazon.com/dp/B0DP2YYBRF?psc=1","https://m.media-amazon.com/images/I/91yJ61Be7UL._AC_SY355_.jpg","Madison Park",67.49,718,63,100,57131.02,4996.03,62,60319,"AMZ",26.43,2,4.6,1112,7,11,"Amazon","Home & Kitchen","Large and Bulky","AMZ","17.00 x 8.00 x 16.00 in",9.05,"N/A","Nov 26, 2024",,"No",22,"Amazon"
70.,"Whale Flotilla Patchwork Quilts Queen Size, Extra Soft Floral Bedspreads","B0BJ1C827W","https://www.amazon.com/dp/B0BJ1C827W?psc=1","https://m.media-amazon.com/images/I/91FgdgdQNJL._AC_SY355_.jpg","Whale Flotilla",28.49,2554,170,200,80964.43,4874.25,72,25167,"CN",12.48,2,4.6,2581,7,6,"Whale Flotilla","Home & Kitchen","Large Standard-Size","FBA","14.37 x 5.47 x 10.24 in",5.07,"N/A","Oct 12, 2022",,"No",47,"Whale Flotilla"
71.,"Maple&Stone White Quilt Set Queen Size, Lightweight Bedspread","B09P3NKL53","https://www.amazon.com/dp/B09P3NKL53?psc=1","https://m.media-amazon.com/images/I/71PwPZaCa+L._AC_SX355_.jpg","Maple&Stone",29.99,1904,404,400,71465.31,12118.32,61,29386,"CN",12.39,2,4.4,2757,7,3,"Havana Home","Home & Kitchen","Large Standard-Size","FBA","14.84 x 7.24 x 7.28 in",5.4,"N/A","Dec 23, 2021",,"No",57,"Havana Home"
72.,"Queen Quilt Set-3 Pieces Soft Bedding Lightweight Floral Patchwork Coverlet","B0FPX8Y2LG","https://www.amazon.com/dp/B0FPX8Y2LG?psc=1","https://m.media-amazon.com/images/I/91CEBEHrA+L._AC_SY355_.jpg","BLOOMHAVEN",39.98,2742,305,200,138844.17,14451.95,75,21898,"US",14.87,1,4.7,210,8,39,"BLOOMHAVEN INC.","Home & Kitchen","Large Standard-Size","FBA","15.51 x 5.55 x 12.56 in",5.67,"N/A","Sep 5, 2025",,"No",12,"BLOOMHAVEN INC."
73.,"EVERGRACEHOME 100% Cotton Modern Lines Quilt Set Queen Size, Olive Green","B0FNM5N2LQ","https://www.amazon.com/dp/B0FNM5N2LQ?psc=1","https://m.media-amazon.com/images/I/81pcbvXeinL._AC_SY355_.jpg","EverGrace",89.99,3298,118,200,318749.49,10484.65,72,5558,"US",22.89,2,4.4,404,9,98,"EVERGRACEHOME","Home & Kitchen","Large Standard-Size","FBA","17.04 x 5.20 x 13.23 in",8.69,"N/A","Aug 24, 2025",,"No",13,"EVERGRACEHOME"
74.,"Bedsure Floral Quilts Queen Size, Reversible Botanical Floral Comforter","B0BHN685LQ","https://www.amazon.com/dp/B0BHN685LQ?psc=1","https://m.media-amazon.com/images/I/91azW+DwSGL._AC_SY355_.jpg","Bedsure",38.99,1595,93,50,74193.56,4430.08,71,46391,"US",16.05,1,4.6,3933,8,45,"Bedsure  Collections","Home & Kitchen","Large Standard-Size","FBA","14.96 x 7.24 x 7.60 in",5.47,"N/A","Oct 7, 2022",,"No",47,"Bedsure  Collections"
75.,"DJY Quilt Queen Size, 3 Pcs Blue Floral Boho Bedspread Coverlet Bedding Set","B09721M4VC","https://www.amazon.com/dp/B09721M4VC?psc=1","https://m.media-amazon.com/images/I/71+m0gYsYCL._AC_SY355_.jpg","DJY",31.9,2554,132,100,106834.15,4995.27,75,27932,"HK",12.75,1,4.6,5021,8,"N/A","ZZDYUS","Home & Kitchen","Large Standard-Size","FBA","14.21 x 7.09 x 7.17 in",4.37,"N/A","Jun 10, 2021",,"No",63,"ZZDYUS"
76.,"($) White Queen Quilt Bedding Set with 2 Pillow Shams, White Quilts Full Size","B00SFFOFY4","https://www.amazon.com/dp/B00SFFOFY4?psc=1","https://m.media-amazon.com/images/I/81Icf0a1kML._AC_SY355_.jpg","Southshore Fine Living, Inc.",54.99,9580,303,300,519647.93,16672.36,73,6682,"US",17.72,3,4.6,13910,9,97,"SouthShore Fine Living, Inc.","Home & Kitchen","Large Standard-Size","FBA","15.87 x 7.09 x 10.87 in",7.23,"N/A","Jan 19, 2015","Sponsored","No",140,"SouthShore Fine Living, Inc."
77.,"($) Secgo King Size Comforter Set- 100% Cotton Quilt King Size Set, Green, Sage bedspreads (96 * 108 Inch) with 2 Pillow Shams, Patchwork Reversible Lightweight Bedding","B091CBY73X","https://www.amazon.com/dp/B091CBY73X?psc=1","https://m.media-amazon.com/images/I/810qfdjn0qL._AC_SY355_.jpg","Secgo",85.49,4961,400,400,546681.75,36025.2,164,8178,"CN",24.04,2,4.6,6897,6,72,"Brindille","Home & Kitchen","Large Standard-Size","FBA","17.09 x 4.61 x 12.56 in",7.85,"N/A","May 10, 2021","Sponsored","No",64,"Brindille"
78.,"($) EVERGRACEHOME 100% Cotton Box Stitch Quilt Set, Queen Size, Olive Green","B0F1T4ZFHF","https://www.amazon.com/dp/B0F1T4ZFHF?psc=1","https://m.media-amazon.com/images/I/81NL2a4meiL._AC_SY355_.jpg","EVERGRACEHOME",90.24,1507,68,50,139291.36,6169.96,71,22136,"US",22.76,1,4.5,341,9,41,"EVERGRACEHOME","Home & Kitchen","Large Standard-Size","FBA","17.13 x 4.96 x 13.35 in",7.76,"N/A","Mar 17, 2025","Sponsored","No",18,"EVERGRACEHOME"
79.,"($) 100% Cotton Beige Bedding Queen Size Quilt Set, Geometric Matelasse","B0FZHX1FPF","https://www.amazon.com/dp/B0FZHX1FPF?psc=1","https://m.media-amazon.com/images/I/71XN+i-CEzL._AC_SY355_.jpg","AJOCCI",106.99,1439,14,"N/A",135352.1,1399.28,67,72341,"CN",25.77,1,4.5,250,8,15,"MEIZIZI","Home & Kitchen","Large Standard-Size","FBA","16.06 x 4.41 x 12.05 in",6.7,"N/A","Nov 3, 2025","Sponsored","No",10,"MEIZIZI"
80.,"($) Grassix 100% Cotton Quilt Set King Size, Paisley Design, Slate Blue","B0GX57QQRX","https://www.amazon.com/dp/B0GX57QQRX?psc=1","https://m.media-amazon.com/images/I/81hquN-yiIL._AC_SY355_.jpg","Grassix",109.99,92,4,"N/A",9736.09,486.72,67,448249,"CN",26.05,1,4.8,31,9,3,"LQY Home","Home & Kitchen","Large Standard-Size","FBA","4.50 x 16.00 x 12.00 in",9.2,"N/A","Apr 13, 2026","Sponsored","No",5,"LQY Home"
81.,"($) LEAONME Velvet Quilt California King-118''x106'', Lightweight Caramel Velvet Comforter Set with 2 Pillow Shams, Soft Oversized Bedspread Coverlet Quilted Bedding Set for All Season","B0D4QYWZ6Y","https://www.amazon.com/dp/B0D4QYWZ6Y?psc=1","https://m.media-amazon.com/images/I/813+S-is0lL._AC_SY355_.jpg","LEAONME",86.39,1519,49,"N/A",136654.32,4855.21,180,36775,"CN",22.93,1,4.8,480,7,9,"LEAONME HOME","Home & Kitchen","Large Standard-Size","FBA","17.76 x 6.73 x 11.97 in",10.19,"N/A","May 21, 2024","Sponsored","No",28,"LEAONME HOME"
82.,"($) LEAONME Velvet Quilt California King Size 118''x106'', Lightweight Olive Green Velvet Comforter Set with 2 Matching Shams, Soft Cross Stitch Bedspread Coverlet, Oversized King Quilt Set for All Season","B0F6TVRRG6","https://www.amazon.com/dp/B0F6TVRRG6?psc=1","https://m.media-amazon.com/images/I/81SYv41wa0L._AC_SY355_.jpg","LEAONME",105.29,1351,31,"N/A",140327.64,3394.25,200,41563,"CN",27.16,1,4.6,289,7,8,"LEAONME HOME","Home & Kitchen","Large Standard-Size","FBA","17.52 x 7.48 x 12.44 in",10.6,"N/A","Apr 29, 2025","Sponsored","No",17,"LEAONME HOME"
83.,"($) LEAONME Luxury Velvet Quilt Set California King Size 106''x118'', Soft Striped Channel Comforter with Exquisite Rice Stitch Detailing, Lightweight All-Season Bedspread Coverlet w/ 2 Shams, Olive Green","B0GJJR964W","https://www.amazon.com/dp/B0GJJR964W?psc=1","https://m.media-amazon.com/images/I/81060Tr8nsL._AC_SY355_.jpg","LEAONME",122.88,734,19,"N/A",89084.93,2355.72,200,162035,"CN",28.65,1,4.6,53,7,17,"LEAONME HOME","Home & Kitchen","Large Standard-Size","FBA","6.69 x 17.71 x 12.99 in",10.47,"N/A","Jan 23, 2026","Sponsored","No",8,"LEAONME HOME"
84.,"($) LEAONME Velvet Quilt King Size-98''x106'', Lightweight Caramel Velvet Comforter Set with 2 Pillow Shams, Soft Bedspread Coverlet Quilted Bedding Set for All Season","B0D4R1LK4W","https://www.amazon.com/dp/B0D4R1LK4W?psc=1","https://m.media-amazon.com/images/I/813+S-is0lL._AC_SY355_.jpg","LEAONME",80.99,1519,22,"N/A",136654.32,1913.4,163,36775,"CN",21.87,1,4.8,480,7,9,"LEAONME HOME","Home & Kitchen","Large Standard-Size","FBA","17.28 x 6.46 x 11.93 in",8.84,"N/A","May 21, 2024","Sponsored","No",28,"LEAONME HOME"
85.,"($) LEAONME Velvet Quilt King Size 98''x106'', Lightweight Burnt Orange Velvet Comforter Set with 2 Matching Shams, Soft Cross Stitch Bedspread Coverlet Bedding Set for All Season","B0F6TVDM5Z","https://www.amazon.com/dp/B0F6TVDM5Z?psc=1","https://m.media-amazon.com/images/I/81gCqU2pJvL._AC_SY355_.jpg","LEAONME",89.99,1351,22,"N/A",140327.64,1958.47,175,41563,"CN",23.3,1,4.6,289,7,12,"LEAONME HOME","Home & Kitchen","Large Standard-Size","FBA","17.48 x 6.61 x 11.93 in",8.93,"N/A","Apr 29, 2025","Sponsored","No",17,"LEAONME HOME"
86.,"($) LEAONME Luxury Velvet Quilt Set King Size 98''x106'', Ultra-Soft Striped Channel Comforter with Exquisite Rice Stitch Detailing, Lightweight All-Season Bedspread Coverlet w/ 2 Shams, Caramel/Brown","B0GJJ474NP","https://www.amazon.com/dp/B0GJJ474NP?psc=1","https://m.media-amazon.com/images/I/81m+PVi2MfL._AC_SY355_.jpg","LEAONME",105.73,734,30,"N/A",89084.93,3258.88,196,162035,"CN",25.83,1,4.6,53,7,17,"LEAONME HOME","Home & Kitchen","Large Standard-Size","FBA","17.68 x 6.61 x 12.32 in",9.3,"N/A","Jan 23, 2026","Sponsored","No",8,"LEAONME HOME"
87.,"($) LEAONME Velvet Quilt Full/Queen Size-90''x98'', Lightweight Caramel Velvet Comforter Set with 2 Pillow Shams, Soft Bedspread Coverlet Quilted Bedding Set for All Season","B0D4QZDTVN","https://www.amazon.com/dp/B0D4QZDTVN?psc=1","https://m.media-amazon.com/images/I/813+S-is0lL._AC_SY355_.jpg","LEAONME",67.22,1519,32,"N/A",136654.32,2381,168,36775,"CN",20.62,1,4.8,480,7,13,"LEAONME HOME","Home & Kitchen","Large Standard-Size","FBA","17.28 x 6.02 x 12.24 in",7.56,"N/A","May 21, 2024","Sponsored","No",28,"LEAONME HOME"
88.,"($) LEAONME Velvet Quilt King Size 98''x106'', Lightweight Olive Green Velvet Comforter Set with 2 Matching Shams, Soft Cross Stitch Bedspread Coverlet Bedding Set for All Season","B0F6TV4182","https://www.amazon.com/dp/B0F6TV4182?psc=1","https://m.media-amazon.com/images/I/81SYv41wa0L._AC_SY355_.jpg","LEAONME",89.99,1351,62,50,140327.64,5568.85,174,41563,"CN",23.38,1,4.6,289,7,8,"LEAONME HOME","Home & Kitchen","Large Standard-Size","FBA","17.63 x 6.34 x 12.68 in",8.88,"N/A","Apr 29, 2025","Sponsored","No",17,"LEAONME HOME"
89.,"($) EVERGRACE 100% Cotton Cross Stitch 3-Piece Quilt Set, King, Powder Blue","B0GYP4VH5B","https://www.amazon.com/dp/B0GYP4VH5B?psc=1","https://m.media-amazon.com/images/I/81qeMhkWFSL._AC_SY355_.jpg","EverGrace",119.99,1480,8,"N/A",185050.47,1044.07,71,22705,"US",34,2,4.5,452,9,20,"EVERGRACEHOME","Home & Kitchen","Large and Bulky","FBA","19.60 x 5.08 x 17.13 in",9.79,"N/A","Apr 27, 2026","Sponsored","No",5,"EVERGRACEHOME"
90.,"($) C&F Home Shiloh Sea Glass Queen Coverlet Set Cotton Reversible Machine Washable Lightweight Bedspread Coverlet Full/Queen 3 Piece Set Green","B0CJ5D8LKQ","https://www.amazon.com/dp/B0CJ5D8LKQ?psc=1","https://m.media-amazon.com/images/I/81eBuXLQdKL._AC_SX355_.jpg","C&F Home",183.85,0,0,"N/A",0,0,139,4957738,"US","N/A",1,"N/A",0,"N/A",0,"Plum & Post","Home & Kitchen","N/A","N/A","N/A","N/A","N/A","N/A","Sponsored","No","N/A","Plum & Post"
91.,"($) Cotton Quilt Sets Queen Size 90x98 Soft Lightweight Bedspread Cozy Striped Quilted Bedding with 2 Shams Decorative Coverlet Set for All Season, Sage Green","B0H33GDVSP","https://www.amazon.com/dp/B0H33GDVSP?psc=1","https://m.media-amazon.com/images/I/81lap27KubL._AC_SY355_.jpg","NEPHEALIS",107.09,38,7,"N/A",5388.9,774.85,154,732773,"CN",23.53,1,4.7,10,7,0,"NEPHEALIS","Home & Kitchen","Large Standard-Size","FBA","16.89 x 5.16 x 12.56 in",6.08,"N/A","May 27, 2026","Sponsored","No",4,"NEPHEALIS"
92.,"($) Quilt Set Oversized King Size 120x128 Luxurious Velvet Bedding Sets with 2 Pillow Shams 20x36 3 Pieces Ultra Soft Quilted Bedspread Coverlet Comforter for All Season, Cream White","B0D6R59RK8","https://www.amazon.com/dp/B0D6R59RK8?psc=1","https://m.media-amazon.com/images/I/711X2+WtsML._AC_SY355_.jpg","COCOPLOCEUS",159.99,1869,7,"N/A",226851.19,1036.4,178,73048,"CN",38.5,5,4.7,380,9,8,"cocoploceus home","Home & Kitchen","Large and Bulky","FBA","17.25 x 8.25 x 12.50 in",12.1,"N/A","Jun 10, 2024","Sponsored","No",27,"cocoploceus home"
93.,"DJY Quilt Queen Size, 3 Pcs Blue Floral Boho Bedspread Coverlet Bedding Set","B09721M4VC","https://www.amazon.com/dp/B09721M4VC?psc=1","https://m.media-amazon.com/images/I/71+m0gYsYCL._AC_SY355_.jpg","DJY",31.9,2554,132,100,106834.15,4995.27,75,27932,"HK",12.75,1,4.6,5021,8,"N/A","ZZDYUS","Home & Kitchen","Large Standard-Size","FBA","14.21 x 7.09 x 7.17 in",4.37,"N/A","Jun 10, 2021",,"No",63,"ZZDYUS"
94.,"EverGrace Stripe Channel Luxury Velvet Quilt Set Queen Size, Beige Taupe","B0CLYD4QDN","https://www.amazon.com/dp/B0CLYD4QDN?psc=1","https://m.media-amazon.com/images/I/81jkwF2sbPL._AC_SY355_.jpg","EverGrace",75.99,3363,141,100,278554.79,10507.12,72,6732,"CN",21.39,2,4.6,1658,9,86,"EverGrace","Home & Kitchen","Large Standard-Size","FBA","17.91 x 5.94 x 13.15 in",8,"N/A","Oct 27, 2023",,"No",35,"EverGrace"
95.,"Bedsure Floral Comforter Set Cute Bedding Set Queen Reversible Sage Green","B08P4SLD52","https://www.amazon.com/dp/B08P4SLD52?psc=1","https://m.media-amazon.com/images/I/91w-wkmF6uL._AC_SY355_.jpg","Bedsure",32.99,11222,1002,1000,470324.24,33072.32,73,3400,"US",14.25,2,4.6,21657,8,197,"Bedsure","Home & Kitchen","Large Standard-Size","FBA","15.83 x 7.36 x 11.73 in",6.44,"N/A","Feb 19, 2021",,"No",67,"Bedsure"
96.,"($) Donna Sharp Rustic Paisley Cotton Queen Quilt Set, 90 x 90","B0D6XCQ3YV","https://www.amazon.com/dp/B0D6XCQ3YV?psc=1","https://m.media-amazon.com/images/I/911CGAa2xhL._AC_SY355_.jpg","Donna Sharp",152.99,47,2,"N/A",8014.84,357.94,58,418229,"US",35.2,2,4.6,90,6,"N/A","Your Home Style","Home & Kitchen","Large and Bulky","FBA","18.25 x 7.40 x 8.25 in",5.25,"N/A","Jun 12, 2024","Sponsored","No",27,"Your Home Style"
97.,"($) Reversible Quilt Queen Size with 2 Matching Quilted Pillow Shams, Sand","B076VC7JRC","https://www.amazon.com/dp/B076VC7JRC?psc=1","https://m.media-amazon.com/images/I/914BQQH7uoL._AC_SY355_.jpg","Southshore Fine Living, Inc.",54.74,1251,5,"N/A",69638.67,227.8,70,114972,"US",18.34,1,4.6,3034,8,13,"SouthShore Fine Living, Inc.","Home & Kitchen","Large Standard-Size","FBA","16.10 x 6.80 x 9.90 in",7,"N/A","Oct 26, 2017","Sponsored","No",107,"SouthShore Fine Living, Inc."
98.,"($) Navy Blue Quilt Set, Vintage 100% Cotton King Size Damask Coverlet","B0FZJ3ZFRS","https://www.amazon.com/dp/B0FZJ3ZFRS?psc=1","https://m.media-amazon.com/images/I/71V41u2JXnL._AC_SY355_.jpg","AJOCCI",112.99,1439,30,"N/A",135352.1,3391.15,66,72341,"CN",26.09,1,4.5,250,8,15,"MEIZIZI","Home & Kitchen","Large Standard-Size","FBA","15.91 x 5.24 x 11.77 in",7.89,"N/A","Nov 3, 2025","Sponsored","No",10,"MEIZIZI"
99.,"($) YAYIDAY Oversized Queen Quilt Set Patchwork Bedspread (110x118 Inch)","B0F92R6RR3","https://www.amazon.com/dp/B0F92R6RR3?psc=1","https://m.media-amazon.com/images/I/81HH4HEAxwL._AC_SY355_.jpg","YAYIDAY",129.99,99,3,"N/A",10858.36,330.31,68,292952,"CN",29.04,1,4.7,231,6,2,"YAYIDAY","Home & Kitchen","Large Standard-Size","FBA","16.57 x 5.51 x 13.74 in",9.52,"N/A","May 18, 2025","Sponsored","No",16,"YAYIDAY"
100.,"($) Queen Quilt Set, 3 Pieces Lightweight Microfiber Bedspread with 2 Pillow Shams, All Season Coverlet Bedding – Taupe Queen Set","B07FLH4X2Y","https://www.amazon.com/dp/B07FLH4X2Y?psc=1","https://m.media-amazon.com/images/I/81jWJ4aZypL._AC_SY355_.jpg","ANNA.Z HOME",6,32,8,"N/A",2087.29,457.06,125,403911,"US",18.84,1,4.3,1838,9,0,"ANNA.Z HOME","Home & Kitchen","Large Standard-Size","FBA","16.93 x 6.42 x 12.32 in",4.94,"N/A","Jul 14, 2018","Sponsored","No",98,"ANNA.Z HOME"
101.,"($) NEWLAKE Quilt Set Queen Size, 100% Cotton Patchwork Green Bohemian Quilt Sets, Reversible Bedspread Lightweight and Breathable for All Seasons, Soft Quilted Bedspread with 2 Pillow Shams","B07D4CQC61","https://www.amazon.com/dp/B07D4CQC61?psc=1","https://m.media-amazon.com/images/I/91cCiU6wjiL._AC_SY355_.jpg","NEWLAKE",78.99,3028,156,100,199035.26,11163.14,186,39111,"CN",21.07,1,4.6,10163,9,20,"Newlake Bedding","Home & Kitchen","Large Standard-Size","FBA","17.24 x 4.29 x 11.89 in",6,"N/A","May 16, 2018","Sponsored","No",100,"Newlake Bedding"
102.,"($) Lush Decor Ava Quilt Diamond Pattern Solid 3 Piece Oversized Bedding Blanket Bedspread Set - King - Neutral","B08KGTN6X7","https://www.amazon.com/dp/B08KGTN6X7?psc=1","https://m.media-amazon.com/images/I/81iZlUa7KzL._AC_SY355_.jpg","Lush Decor",69.99,46,5,"N/A",3401.84,350.82,107,825838,"AMZ",28.93,1,4.1,724,7,2,"Amazon","Home & Kitchen","Large and Bulky","AMZ","21.25 x 10.50 x 17.25 in",7.55,"N/A","Sep 30, 2020","Sponsored","No",72,"Amazon"
103.,"($) ENASAL Cotton Bedspread Quilt Sets Reversible Bedding Coverlet Sets Comforter, Vintage Floral Farmhouse Pastoral Turquoise Bedspread, Queen Size","B0C7QFWT4R","https://www.amazon.com/dp/B0C7QFWT4R?psc=1","https://m.media-amazon.com/images/I/719U7na5s9L._AC_SY355_.jpg","ENASAL",67.65,1053,60,"N/A",91914.43,4459.08,144,65428,"CN",18.98,2,4.7,707,9,12,"ENASAL","Home & Kitchen","Large Standard-Size","FBA","17.17 x 5.24 x 12.01 in",6.28,"N/A","Jun 11, 2023","Sponsored","No",39,"ENASAL"
104.,"($) DOWN HOME Queen Quilt Bedding Set with Shams, Vintage Washed Soft Quilted Blanket Thin Comforter Lightweight Bedspread Coverlet Bed Cover, Brushed Microfiber Stripe Stitching, Ash Gray, 86""x90""","B0FSRH7MY9","https://www.amazon.com/dp/B0FSRH7MY9?psc=1","https://m.media-amazon.com/images/I/81PjxE1oymL._AC_SY355_.jpg","DOWN HOME",42.99,1642,102,50,69129.27,4193.26,193,43204,"US",15.17,3,4.4,277,8,39,"Down Home Manufacturing LLC","Home & Kitchen","Large Standard-Size","FBA","17.40 x 6.30 x 6.65 in",4.85,"N/A","Sep 25, 2025","Sponsored","No",12,"Down Home Manufacturing LLC"
105.,"($) DOWN HOME Queen Quilt Bedding Set with Shams, Vintage Washed Quilted Blanket Thin Comforter Lightweight Bedspread Coverlet Bed Cover, Brushed Microfiber Stripe Stitching, Washed Terra, 86""x90""","B0FPR54YZR","https://www.amazon.com/dp/B0FPR54YZR?psc=1","https://m.media-amazon.com/images/I/81kULLlbsnL._AC_SY355_.jpg","DOWN HOME",42.99,1642,207,50,69129.27,8444.68,192,43204,"US",15.17,6,4.4,277,8,35,"Down Home Manufacturing LLC","Home & Kitchen","Large Standard-Size","FBA","17.36 x 6.38 x 6.54 in",4.43,"N/A","Sep 4, 2025","Sponsored","No",12,"Down Home Manufacturing LLC"
106.,"($) DOWN HOME 100% Cotton Sateen Quilt Set | Silky Soft & Breathable | Elegant Medallion Damask Pattern | Lightweight Cotton Fill | All-Season Bedding | Queen Size 3-Piece Set, Peony Beige, 86""X90""","B0GQ991LS1","https://www.amazon.com/dp/B0GQ991LS1?psc=1","https://m.media-amazon.com/images/I/81KsthoflRL._AC_SY355_.jpg","DOWN HOME",79.99,516,62,"N/A",41044.16,4663.56,193,114913,"US",20.91,1,4.4,52,9,"N/A","Down Home Manufacturing LLC","Home & Kitchen","Large Standard-Size","FBA","15.86 x 4.49 x 12.01 in",7.91,"N/A","Feb 25, 2026","Sponsored","No",7,"Down Home Manufacturing LLC"
107.,"($) DOWN HOME Lightweight Microfiber Quilt Set Queen Size – Pre-Washed Bedding with Stripe Stitching, All-Season Soft Thin Comforter – Includes 1 Quilt & 2 Pillow Shams, Beige, 86""x90""","B0H4YX1TH6","https://www.amazon.com/dp/B0H4YX1TH6?psc=1","https://m.media-amazon.com/images/I/81WmXsDLHpL._AC_SY355_.jpg","DOWN HOME",42.99,447,0,"N/A",18515.56,0,180,92156,"US",14.33,1,4.8,16,"N/A",0,"Down Home Manufacturing LLC","Home & Kitchen","Large Standard-Size","N/A","6.30 x 17.30 x 6.30 in",4.8,"N/A","Jun 11, 2026","Sponsored","No",3,"Down Home Manufacturing LLC"
108.,"($) DOWN HOME Crinkle Textured Velvet Quilt Set with Shams, All-Season Luxury Modern Bedding, Easy Care Comforter, Ultra-Soft, Lightweight & Breathable, Queen, Imperial Blue","B0G7X8PR3L","https://www.amazon.com/dp/B0G7X8PR3L?psc=1","https://m.media-amazon.com/images/I/71nk82OUeqL._AC_SY355_.jpg","DOWN HOME",69.99,55,2,"N/A",4235.22,146.15,169,267475,"US",19.39,2,4.3,55,8,5,"Down Home Manufacturing LLC","Home & Kitchen","Large Standard-Size","FBA","15.55 x 5.24 x 12.13 in",6.72,"N/A","Dec 16, 2025","Sponsored","No",9,"Down Home Manufacturing LLC"
109.,"($) Luxury Prewashed Microfiber Quilt Set Cali King Size – Ultra Soft Brushed Microfiber Bedding with 2 Shams, All-Season Lightweight Coverlet, Wrinkle & Fade Resistant (White, 3-Piece, 111""x92"")","B0H4Z53DG2","https://www.amazon.com/dp/B0H4Z53DG2?psc=1","https://m.media-amazon.com/images/I/71eO6dEBqTL._AC_SY355_.jpg","DOWN HOME",52.99,134,0,"N/A",5740.21,0,191,201636,"US",16.34,1,4.8,23,"N/A",0,"Down Home Manufacturing LLC","Home & Kitchen","Large Standard-Size","N/A","6.70 x 17.30 x 6.70 in",5.7,"N/A","Jun 11, 2026","Sponsored","No",3,"Down Home Manufacturing LLC"
110.,"($) DOWN HOME Queen Quilt Bedding Set with Shams, Vintage Washed Soft Quilted Blanket Thin Comforter Lightweight Bedspread Coverlet Bed Cover, Brushed Microfiber Stripe Stitching, Ash Gray, 86""x90""","B0FSRH7MY9","https://www.amazon.com/dp/B0FSRH7MY9?psc=1","https://m.media-amazon.com/images/I/81PjxE1oymL._AC_SY355_.jpg","DOWN HOME",42.99,1642,102,50,69129.27,4193.26,193,43204,"US",15.17,3,4.4,277,8,39,"Down Home Manufacturing LLC","Home & Kitchen","Large Standard-Size","FBA","17.40 x 6.30 x 6.65 in",4.85,"N/A","Sep 25, 2025","Sponsored","No",12,"Down Home Manufacturing LLC"
111.,"($) Queen Quilt Set with Shams Lightweight Quilted Bedspread Coverlet Thin Comforter Bed Cover Vintage Washed Quilted Blanket for All Season, Brushed Microfiber Diamond Stitching, Caramel Orange, 88""x92""","B0FWJSTP1N","https://www.amazon.com/dp/B0FWJSTP1N?psc=1","https://m.media-amazon.com/images/I/811v5x-2hKL._AC_SY355_.jpg","DOWN HOME",43.99,1638,66,"N/A",56640.72,2805.95,199,64094,"US",14.74,6,4.5,216,7,31,"Down Home Manufacturing LLC","Home & Kitchen","Large Standard-Size","FBA","17.32 x 7.17 x 7.20 in",4.94,"N/A","Oct 16, 2025","Sponsored","No",11,"Down Home Manufacturing LLC"
112.,"($) DOWN HOME Lightweight Microfiber Quilt Set Twin Size – Pre-Washed Bedding with Stripe Stitching, All-Season Soft Thin Comforter – 1 Quilt & 1 Pillow Sham, Terracotta Brown, 66""x92""","B0H4YN8TVL","https://www.amazon.com/dp/B0H4YN8TVL?psc=1","https://m.media-amazon.com/images/I/81aHzbTlrZL._AC_SY355_.jpg","DOWN HOME",36.99,447,0,"N/A",18515.56,0,180,92156,"US",13.26,1,4.8,16,"N/A",0,"Down Home Manufacturing LLC","Home & Kitchen","Large Standard-Size","N/A","5.90 x 17.30 x 5.90 in",3.5,"N/A","Jun 11, 2026","Sponsored","No",3,"Down Home Manufacturing LLC"
113.,"Levtex Home Cross Stitch Reversible King/Cal King Quilt Set (106x92in) and 2 Pillow Shams (36x20in) - Stitch Texture - Taupe - Cotton King Size Quilt Bedding Set - Lightweight Soft Pre-Washed","B07NQ1GLWH","https://www.amazon.com/dp/B07NQ1GLWH?psc=1","https://m.media-amazon.com/images/I/81oI4HaV-6L._AC_SY355_.jpg","Levtex Home",133.65,2072,19,"N/A",284115.7,2610.05,191,33874,"US",34.94,2,4.2,767,9,4,"Max&Taffy","Home & Kitchen","Large and Bulky","FBA","18.78 x 10.31 x 13.54 in",9.37,"N/A","Mar 12, 2021","Sponsored Brand Video","No",66,"Max&Taffy"
114.,"Levtex Home Pisa Reversible King/Cal King Quilt Set (106x92in) with 2 Pillow Shams (36x20in) - Floral Peacock - Grey, Taupe - 100% Cotton King Size Quilt Bedding Set - Lightweight, Soft, Pre-Washed","B082LPRVFM","https://www.amazon.com/dp/B082LPRVFM?psc=1","https://m.media-amazon.com/images/I/915bVORu+NL._AC_SY355_.jpg","Levtex Home",144.49,123,30,"N/A",17409.94,4562.29,197,218090,"US",35.78,3,4.6,265,9,1,"Max&Taffy","Home & Kitchen","Large and Bulky","FBA","16.50 x 10.00 x 14.00 in",8.25,"N/A","Dec 10, 2019","Sponsored Brand Video","No",81,"Max&Taffy"
115.,"Levtex Home - Ophelia Quilt Set - King Quilt and Two King Shams - Floral - Taupe Grey Cream Blush - Quilt (106x92in.) and Shams (20x36in.) - Reversible - Rayon/Cotton","B0BGT78Y76","https://www.amazon.com/dp/B0BGT78Y76?psc=1","https://m.media-amazon.com/images/I/91e9MrACNcL._AC_SY355_.jpg","Levtex Home",143.99,546,22,50,68461.74,3687.81,166,154489,"US",37.09,2,4.5,190,9,4,"Max&Taffy","Home & Kitchen","Large and Bulky","FBA","18.10 x 9.50 x 13.80 in",9.4,"N/A","Sep 29, 2022","Sponsored Brand Video","No",48,"Max&Taffy"
116.,"Anibedding Red Floral Quilt Set Queen Size Burgundy Bedding Sets 96""x90""","B0CXX81P6R","https://www.amazon.com/dp/B0CXX81P6R?psc=1","https://m.media-amazon.com/images/I/81JyTpMlgQL._AC_SY355_.jpg","Anibedding",29.63,2033,22,"N/A",72294.29,754.69,72,62642,"CN",13.43,3,4.6,1621,7,24,"qiersi US","Home & Kitchen","Large Standard-Size","FBA","15.00 x 6.57 x 7.40 in",4.28,"N/A","Apr 30, 2024",,"No",29,"qiersi US"
117.,"Oversized King Quilt Bedding Set with 2 Quilted Pillow Shams, Natural Beige","B0764H84J4","https://www.amazon.com/dp/B0764H84J4?psc=1","https://m.media-amazon.com/images/I/8196YctzxQL._AC_SY355_.jpg","Southshore Fine Living, Inc.",59.99,9580,171,300,519647.93,10237.92,75,6682,"US",18.32,2,4.6,13910,9,97,"SouthShore Fine Living, Inc.","Home & Kitchen","Large Standard-Size","FBA","15.91 x 7.20 x 11.26 in",8.22,"N/A","Jan 19, 2015",,"No",140,"SouthShore Fine Living, Inc."
118.,"Exclusivo Mezcla Full Queen Quilt Set, Brich Beige","B0DQWLBF2Z","https://www.amazon.com/dp/B0DQWLBF2Z?psc=1","https://m.media-amazon.com/images/I/81KUw0ijaPL._AC_SY355_.jpg","Exclusivo Mezcla",26.99,3789,251,300,114349.92,6900.57,50,18718,"CN",11.93,2,4.5,1288,6,84,"Exclusivo Mezcla","Home & Kitchen","Large Standard-Size","FBA","16.39 x 5.95 x 6.89 in",4.2,"N/A","Dec 19, 2024",,"No",21,"Exclusivo Mezcla"
119.,"($) Grassix 100% Cotton Quilt Set King Size, Paisley Design, Slate Blue","B0GX57QQRX","https://www.amazon.com/dp/B0GX57QQRX?psc=1","https://m.media-amazon.com/images/I/81hquN-yiIL._AC_SY355_.jpg","Grassix",109.99,92,4,"N/A",9736.09,486.72,67,448249,"CN",26.05,1,4.8,31,9,3,"LQY Home","Home & Kitchen","Large Standard-Size","FBA","4.50 x 16.00 x 12.00 in",9.2,"N/A","Apr 13, 2026","Sponsored","No",5,"LQY Home"
120.,"($) QSH Light Wheat Stonewashed Cotton Oversized King Quilt Bedspread (128""x120""), 3PCs Farmhouse Rustic Wave Pattern Bedspread California King, Soft Lightweight Crinkled Quilt Coverlet Bedding Set","B0G4LYVQCX","https://www.amazon.com/dp/B0G4LYVQCX?psc=1","https://m.media-amazon.com/images/I/81XGd7hohFL._AC_SY355_.jpg","QSH",189.99,559,36,"N/A",66141.17,6833.25,193,202066,"CN",44.78,2,4.5,1525,9,7,"Queen's House","Home & Kitchen","Large and Bulky","FBA","17.00 x 10.00 x 12.00 in",11.4,"N/A","Jan 21, 2026","Sponsored","No",8,"Queen's House"
121.,"($) Reversible Quilt Queen Size with 2 Matching Quilted Pillow Shams, Sand","B076VC7JRC","https://www.amazon.com/dp/B076VC7JRC?psc=1","https://m.media-amazon.com/images/I/914BQQH7uoL._AC_SY355_.jpg","Southshore Fine Living, Inc.",54.74,1251,5,"N/A",69638.67,227.8,70,114972,"US",18.34,1,4.6,3034,8,13,"SouthShore Fine Living, Inc.","Home & Kitchen","Large Standard-Size","FBA","16.10 x 6.80 x 9.90 in",7,"N/A","Oct 26, 2017","Sponsored","No",107,"SouthShore Fine Living, Inc."
122.,"($) Oversized King Quilt w/ 2 Matching Quilted Pillow Shams, Dark Taupe Quilts","B06X6L2258","https://www.amazon.com/dp/B06X6L2258?psc=1","https://m.media-amazon.com/images/I/81NZv0CyqyL._AC_SY355_.jpg","Southshore Fine Living, Inc.",59.99,9580,36,50,519647.93,2142.81,74,6682,"US",18.23,2,4.6,13910,9,97,"SouthShore Fine Living, Inc.","Home & Kitchen","Large Standard-Size","FBA","15.75 x 7.17 x 11.26 in",8.05,"N/A","Jan 19, 2015","Sponsored","No",140,"SouthShore Fine Living, Inc."
123.,"Dobuyly Queen Boho Stripe Quilt Set, Grey Black Lightweight Bedspread","B0FCFQJ398","https://www.amazon.com/dp/B0FCFQJ398?psc=1","https://m.media-amazon.com/images/I/81H4D0qan-L._AC_SY355_.jpg","Dobuyly",33.14,749,72,50,30502.24,2822.59,69,124848,"CN",13.89,1,4.6,191,9,11,"Shunai Bedding","Home & Kitchen","Large Standard-Size","FBA","14.84 x 6.89 x 7.32 in",4.28,"N/A","Aug 27, 2025",,"No",13,"Shunai Bedding"
124.,"akkialla King Quilt Bedding Set, Olive Green Ultrasonic King/Cal King Quilt Set, Lightweight Soft Bedspread Coverlet, Modern Style Coin Pattern Bed Cover for All Seasons, 3 Piece(1 Quilt, 2 Pillow Shams)","B0D86DTK5T","https://www.amazon.com/dp/B0D86DTK5T?psc=1","https://m.media-amazon.com/images/I/81wzhnilGhL._AC_SY355_.jpg","akkialla",27.99,6835,653,800,201928.95,18863.75,203,4733,"CN",13.23,1,4.4,2364,7,126,"Joer&Linry","Home & Kitchen","Large Standard-Size","FBA","13.66 x 4.80 x 10.12 in",5.51,"N/A","Jun 26, 2024",,"No",27,"Joer&Linry"
125.,"Davulos Queen Quilt Bedding Set, White Ultrasonic Full/Queen Quilt Set Reversible Microfiber Bedspread, Lightweight Soft Modern Geometric Coverlet Set for All Seasons(1 Quilt, 2 Pillow Shams)","B0DBVQ1LBS","https://www.amazon.com/dp/B0DBVQ1LBS?psc=1","https://m.media-amazon.com/images/I/81TsPxo1fTL._AC_SY355_.jpg","Davulos",23.99,3626,482,600,98349.8,11326.65,191,14287,"CN",11.58,2,4.5,649,8,42,"FANNOLI","Home & Kitchen","Large Standard-Size","FBA","13.62 x 5.71 x 10.47 in",4.45,"N/A","Aug 1, 2024",,"No",25,"FANNOLI"
126.,"WDCOZY 100% Cotton King Size Quilt Set, Channel Pick Stitch, Olive Green","B0F98V1ZD7","https://www.amazon.com/dp/B0F98V1ZD7?psc=1","https://m.media-amazon.com/images/I/91S0PcAHzmL._AC_SY355_.jpg","WDCOZY",75.99,1079,93,200,78925.8,7083.72,72,17275,"HK",20.64,1,4.3,531,9,66,"WDCOZY","Home & Kitchen","Large Standard-Size","FBA","17.13 x 5.51 x 12.48 in",8.99,"N/A","Jul 10, 2024",,"No",26,"WDCOZY"
127.,"($) FURRFREE Quilt Set - Lightweight Comforter for All Seasons Quilt Bedding Set, Pet Hair Repellent Bedding Light Pistachio Queen Quilt with 2 Pillow Shams","B0G6KS6ZTX","https://www.amazon.com/dp/B0G6KS6ZTX?psc=1","https://m.media-amazon.com/images/I/61dcToLWLJL._AC_SY355_.jpg","SLASHOP",99,26,2,"N/A",2846.64,191.79,152,362281,"US",21.45,1,4,8,6,1,"THE SLASHOP","Home & Kitchen","Large Standard-Size","FBA","4.72 x 16.38 x 12.83 in",4.96,"N/A","Dec 12, 2025","Sponsored","No",9,"THE SLASHOP"
128.,"($) California King Size Cotton Quilt Bedding Set with 2 Shams, 106""x118"" Breathable Coverlet Bedspread All Season Anti-Slip No Wrinkle Comforter Cover Duvet Insert Machine Washable, Sage Green","B0H33GSMN3","https://www.amazon.com/dp/B0H33GSMN3?psc=1","https://m.media-amazon.com/images/I/81axSh8rIpL._AC_SY355_.jpg","COCOPLOCEUS",155.99,89,2,"N/A",12772.57,351.63,189,421900,"CN",30.57,1,4.3,13,7,2,"cocoploceus home","Home & Kitchen","Large Standard-Size","FBA","3.00 x 13.00 x 10.00 in",3,"N/A","May 27, 2026","Sponsored","No",4,"cocoploceus home"
129.,"($) 100% Cotton King Size Quilt Set, Solid Retro Blue Paisley Bedspreads","B0FZJ1Q35V","https://www.amazon.com/dp/B0FZJ1Q35V?psc=1","https://m.media-amazon.com/images/I/91fUOfqNUpL._AC_SY355_.jpg","AJOCCI",116.99,1439,14,"N/A",135352.1,1507.69,68,72341,"CN",27.76,1,4.5,250,8,9,"MEIZIZI","Home & Kitchen","Large Standard-Size","FBA","15.83 x 5.71 x 11.69 in",8.18,"N/A","Nov 3, 2025","Sponsored","No",10,"MEIZIZI"
130.,"($) EVERGRACEHOME 100% Cotton Scalloped Quilt Set, King, Light Sage Green","B0GHY6VRB7","https://www.amazon.com/dp/B0GHY6VRB7?psc=1","https://m.media-amazon.com/images/I/81sFUCBifqL._AC_SY355_.jpg","EverGrace",123.49,688,136,50,80039.4,16327.82,69,64479,"US",28.74,1,4.4,30,9,14,"EVERGRACEHOME","Home & Kitchen","Large Standard-Size","FBA","17.04 x 5.12 x 13.19 in",11.16,"N/A","Jan 20, 2026","Sponsored","No",8,"EVERGRACEHOME"
131.,"Wake In Cloud - Floral Quilt Set, Coquette Cottagecore Shabby Chic Flower for Women Teen Girls, Reversible Lightweight Bedspread Coverlet, 3 Pieces, Light Pink, Twin/Twin XL Size","B0DJ5N1MZ3","https://www.amazon.com/dp/B0DJ5N1MZ3?psc=1","https://m.media-amazon.com/images/I/81WTs1RTL+L._AC_SY355_.jpg","Wake In Cloud",30.99,1331,172,100,39733.5,4934.39,178,31790,"AU",12.05,1,4.5,238,7,31,"Wake In Cloud","Home & Kitchen","Large Standard-Size","FBA","13.50 x 3.70 x 10.75 in",4.03,"N/A","Sep 28, 2024",,"No",24,"Wake In Cloud"
132.,"NEWLAKE Cotton Bedspread Quilt Sets-Reversible Patchwork Coverlet Set, European Gorgeous Floral Pattern, Queen Size","B078MH49YC","https://www.amazon.com/dp/B078MH49YC?psc=1","https://m.media-amazon.com/images/I/71Rkni+q4CL._AC_SY355_.jpg","NEWLAKE",45.79,1581,93,50,85854.07,4127.92,115,56865,"CN",14.93,1,4.6,7687,7,5,"Newlake Bedding","Home & Kitchen","Large Standard-Size","FBA","16.65 x 4.17 x 11.93 in",6.24,"N/A","Dec 26, 2017",,"No",105,"Newlake Bedding"
133.,"Exclusivo Mezcla Floral Reversible Quilts Queen Size Bedding Set, White","B0GKGJ3S4V","https://www.amazon.com/dp/B0GKGJ3S4V?psc=1","https://m.media-amazon.com/images/I/91QQp5N4+CL._AC_SY355_.jpg","Exclusivo Mezcla",25.19,2370,99,100,68896.76,2559.9,71,23208,"CN",11.74,1,4.6,152,6,38,"Exclusivo Mezcla","Home & Kitchen","Large Standard-Size","FBA","14.50 x 4.80 x 10.00 in",5.18,"N/A","Apr 19, 2026",,"No",5,"Exclusivo Mezcla"
134.,"EVERGRACEHOME 100% Cotton Paisley Quilt Set, King Size, Olive Green","B0DLGJ2XNM","https://www.amazon.com/dp/B0DLGJ2XNM?psc=1","https://m.media-amazon.com/images/I/81pXjuk3VzL._AC_SY355_.jpg","EverGrace",109.99,1948,135,200,189862.21,14818.3,67,20732,"US",26.22,1,4.5,690,8,59,"EVERGRACEHOME","Home & Kitchen","Large Standard-Size","FBA","17.04 x 5.20 x 13.30 in",9.5,"N/A","Oct 30, 2024",,"No",23,"EVERGRACEHOME"
135.,"Travan 3-Piece Quilt Set Quilted Bedspread Lightweight Coverlet Set Garden Style Floral Printed Oversized Quilted Bedding Set with Shams for All Season, Exquisite, Queen Size","B0BNNG9FC4","https://www.amazon.com/dp/B0BNNG9FC4?psc=1","https://m.media-amazon.com/images/I/91xACUrsS2L._AC_SY355_.jpg","Travan",49.99,4554,82,300,249561.68,3764.75,174,14391,"CN",15.39,1,4.6,14155,6,51,"Travan","Home & Kitchen","Large Standard-Size","FBA","16.38 x 3.86 x 12.32 in",5.51,"N/A","Mar 15, 2023",,"No",42,"Travan"
136.,"Love's cabin Quilts for Queen Bed Umber Bedspreads - Soft Bed Summer Lightweight Bedspread Comforter - Modern Style Coin Pattern Coverlet for All Season - 3 Pieces (1 Quilt, 2 Pillow Shams)","B0B6317PD3","https://www.amazon.com/dp/B0B6317PD3?psc=1","https://m.media-amazon.com/images/I/91pHCiUGROL._AC_SY355_.jpg","Love's cabin",34.99,32390,284,400,1178630.84,9528.23,189,330,"CN",13.62,4,4.6,9247,7,178,"Lovescabin","Home & Kitchen","Large Standard-Size","FBA","13.39 x 6.22 x 10.83 in",5.22,"N/A","Sep 25, 2022",,"No",48,"Lovescabin"
137.,"Beige Quilt King Size Bedding Sets with 2 Pillow Shams, Lightweight Soft Bedspread Coverlet, Quilted Blanket Thin Comforter Bed Cover, All Season Summer Spring, Tan Cream, 3 Pieces, 104x90 inches","B0BX2X7DPN","https://www.amazon.com/dp/B0BX2X7DPN?psc=1","https://m.media-amazon.com/images/I/71xUaD596oL._AC_SY355_.jpg","WDCOZY",40.49,3745,219,200,148036.6,9143.58,195,10105,"HK",14.98,5,4.2,3174,9,81,"WDCOZY","Home & Kitchen","Large Standard-Size","FBA","17.01 x 7.17 x 7.64 in",5.91,"N/A","Feb 27, 2023",,"No",43,"WDCOZY"
138.,"EVERGRACEHOME Stonewashed Cotton Quilt Set, King Size, Mocha Brown","B0DB544RPP","https://www.amazon.com/dp/B0DB544RPP?psc=1","https://m.media-amazon.com/images/I/81yxqb7FfIL._AC_SY355_.jpg","EverGrace",119.99,1437,221,100,162224.28,25393.03,66,43286,"US",27.41,5,4.1,426,9,24,"EVERGRACEHOME","Home & Kitchen","Large Standard-Size","FBA","17.72 x 5.31 x 12.99 in",9.3,"N/A","Jul 24, 2024",,"No",26,"EVERGRACEHOME"
139.,"Autumn Dream Cotton Bedspread Quilt Sets, 3 Pieces Reversible Comforter Coverlet Sets, Blue Floral Paisley Bedspread, King Size","B09M3QDXHN","https://www.amazon.com/dp/B09M3QDXHN?psc=1","https://m.media-amazon.com/images/I/71x8cAMQZAL._AC_SY355_.jpg","Autumn Dream",86.89,528,45,"N/A",40897.06,3795.76,127,138811,"CN",22.67,1,4.6,880,9,5,"AutumnDream","Home & Kitchen","Large Standard-Size","FBA","17.04 x 6.34 x 12.20 in",6.94,"N/A","Dec 14, 2021",,"No",57,"AutumnDream"
140.,"HORIMOTE HOME Pink Ruffled Quilt Queen Size, Stone-Washed Microfiber Lightweight Crinkled Farmhouse Rustic Shabby Chic Bedding Set, 3 Pieces Reversible Bedspread with Pillow Shams for All Season","B0CFZVWMZ9","https://www.amazon.com/dp/B0CFZVWMZ9?psc=1","https://m.media-amazon.com/images/I/81VAuTva-LL._AC_SY355_.jpg","HORIMOTE HOME",56.99,3503,314,300,191693.81,17889.5,194,13088,"CN",17.38,3,4.4,1325,8,81,"HORIMOTE HOME","Home & Kitchen","Large Standard-Size","FBA","16.57 x 5.63 x 12.64 in",5.8,"N/A","Aug 17, 2023",,"No",37,"HORIMOTE HOME"
141.,"Drucon Khaki Quilt Set Queen Size, Toile Farmhouse Bedspreads, 3 Pieces Rustic Village Landscape Printed Coverlet, Soft Microfiber Quilt Bedding Set for All Season (96x90 Inch)","B0DFYF2SCM","https://www.amazon.com/dp/B0DFYF2SCM?psc=1","https://m.media-amazon.com/images/I/81WmCJiIVCL._AC_SY355_.jpg","Drucon",25.99,218,44,"N/A",6638.32,1057,176,154290,"HK",12.87,1,4.5,250,7,6,"GOODIDEA HOME","Home & Kitchen","Large Standard-Size","FBA","16.18 x 6.93 x 7.32 in",4.63,"N/A","Sep 3, 2024",,"No",24,"GOODIDEA HOME"
142.,"KASENTEX Oversized King Quilt Set 112x106, Soft Washed 3-Layer Lightweight","B07M6LW93W","https://www.amazon.com/dp/B07M6LW93W?psc=1","https://m.media-amazon.com/images/I/81YlNP81LSL._AC_SY355_.jpg","KASENTEX",79.99,3336,104,100,201783.56,7692.88,74,19803,"US",21.39,1,4.4,5638,8,37,"KASENTEX","Home & Kitchen","Large Standard-Size","FBA","16.10 x 6.18 x 12.05 in",7.31,"N/A","Jan 8, 2019",,"No",92,"KASENTEX"
143.,"WONGS BEDDING Grey Quilt King Size, Boho Striped Patchwork Bedspread","B0CQ71Q83V","https://www.amazon.com/dp/B0CQ71Q83V?psc=1","https://m.media-amazon.com/images/I/8105hgYyLBL._AC_SY355_.jpg","WONGS BEDDING",34.85,2778,169,200,104327.5,5914.01,68,12146,"HK",14.76,1,4.6,1109,9,39,"Wongs bedding USA( Gift shop)","Home & Kitchen","Large Standard-Size","FBA","15.94 x 6.89 x 8.58 in",4.88,"N/A","Mar 3, 2024",,"No",30,"Wongs bedding USA( Gift shop)"
144.,"Whale Flotilla Soft Geometric Queen Quilt Set for All Seasons, Orange","B09T6VH9CC","https://www.amazon.com/dp/B09T6VH9CC?psc=1","https://m.media-amazon.com/images/I/81w+EUJq6sL._AC_SY355_.jpg","Whale Flotilla",27.99,2518,99,100,73079.27,2695.35,69,34052,"CN",12.08,2,4.6,2346,9,20,"Whale Flotilla","Home & Kitchen","Large Standard-Size","FBA","16.45 x 6.34 x 6.54 in",3.89,"N/A","Feb 23, 2022",,"No",55,"Whale Flotilla"
145.,"Cottolester Fall Quilt Set Queen Size 3 Pieces, Brown Striped Bedspread, Boho Plaid Bedding Set Soft Microfiber Quilt with 2 Pillow Shams 96""x90""","B0D142C3Q8","https://www.amazon.com/dp/B0D142C3Q8?psc=1","https://m.media-amazon.com/images/I/81cBindBGJL._AC_SY355_.jpg","Cottolester",35.71,2734,99,100,107515.43,3509.74,145,19092,"CN",13.66,1,4.6,1488,7,92,"leike US","Home & Kitchen","Large Standard-Size","FBA","14.53 x 6.73 x 7.20 in",4.23,"N/A","May 28, 2024",,"No",28,"leike US"
146.,"Exclusivo Mezcla 3 Piece Quilts Queen Size Bedding Set, Blush Pink","B0CNXHMM7R","https://www.amazon.com/dp/B0CNXHMM7R?psc=1","https://m.media-amazon.com/images/I/81Cnuy0Y9YL._AC_SY355_.jpg","Exclusivo Mezcla",25.99,3258,185,200,95170.66,4949.14,66,11881,"CN",11.78,2,4.5,2468,6,64,"Exclusivo Mezcla","Home & Kitchen","Large Standard-Size","FBA","16.38 x 5.63 x 6.89 in",4.06,"N/A","Nov 23, 2023",,"No",34,"Exclusivo Mezcla"
147.,"Wake In Cloud - Floral Quilt Set, Botanical Vintage Flower Coquette Cottagecore for Women Teen Girls, Reversible Lightweight Bedspread Coverlet, 3 Pieces, Olive Green, Queen/Full Size","B0CRPTFC4P","https://www.amazon.com/dp/B0CRPTFC4P?psc=1","https://m.media-amazon.com/images/I/81475XvN+dL._AC_SY355_.jpg","Wake In Cloud",27.99,520,207,50,14836.17,5992.02,183,116408,"AU",13.07,1,4.4,130,7,5,"Wake In Cloud","Home & Kitchen","Large Standard-Size","FBA","13.86 x 4.13 x 11.77 in",4.92,"N/A","Jan 6, 2024",,"No",32,"Wake In Cloud"
148.,"NEWLAKE Quilt Set Queen Size, 100% Cotton Patchwork Green Bohemian Quilt Sets, Reversible Bedspread Lightweight and Breathable for All Seasons, Soft Quilted Bedspread with 2 Pillow Shams","B07D4CQC61","https://www.amazon.com/dp/B07D4CQC61?psc=1","https://m.media-amazon.com/images/I/91cCiU6wjiL._AC_SY355_.jpg","NEWLAKE",78.99,3028,156,100,199035.26,11163.14,186,39111,"CN",21.07,1,4.6,10163,9,20,"Newlake Bedding","Home & Kitchen","Large Standard-Size","FBA","17.24 x 4.29 x 11.89 in",6,"N/A","May 16, 2018",,"No",100,"Newlake Bedding"
149.,"Litanika Queen Size Quilt, 3 Pcs Black and White Stripe Bedding Set","B0C653X34K","https://www.amazon.com/dp/B0C653X34K?psc=1","https://m.media-amazon.com/images/I/91fvYFsU8KL._AC_SY355_.jpg","Litanika",29.69,2498,176,100,126054.83,5554.56,67,30102,"CN",13.15,1,4.6,2150,5,27,"Andency","Home & Kitchen","Large Standard-Size","FBA","17.48 x 5.83 x 10.04 in",6.33,"N/A","May 23, 2023",,"No",40,"Andency"
150.,"YIKUSH Floral Quilt Set Queen Size – Ultra Soft Lightweight Bedspread, 3 Piece Pink Bedding Set (90""x90"") with Pillowcases (20""x26""), All Season Coverlet for Bedroom & Guest Room","B0D8B91Y3S","https://www.amazon.com/dp/B0D8B91Y3S?psc=1","https://m.media-amazon.com/images/I/91G90a0t2bL._AC_SY355_.jpg","YIKUSH",44.99,1706,262,200,74238.52,11739.38,178,36637,"HK",14.71,1,4.7,707,6,23,"YIKUSH Inc","Home & Kitchen","Large Standard-Size","FBA","16.50 x 3.43 x 12.52 in",4.72,"N/A","Jun 27, 2024",,"No",27,"YIKUSH Inc"
151.,"Cozy Line Home Fashions 100% Cotton Victorian Medallion Solid White Matelasse Embossed Bedding Quilt Set, Reversible Lightweight Bedspread, Coverlet for All Season (Blantyre - White, Queen - 3 piece)","B09Y75K496","https://www.amazon.com/dp/B09Y75K496?psc=1","https://m.media-amazon.com/images/I/81lvz1LupUL._AC_SY355_.jpg","Cozy Line Home Fashions",80.37,2570,276,300,188944.79,22176.92,199,17052,"US",22.52,2,4.6,4758,6,21,"Cici Home Fashions","Home & Kitchen","Large Standard-Size","FBA","17.48 x 6.73 x 13.98 in",7.34,"N/A","Mar 10, 2016",,"No",126,"Cici Home Fashions"
152.,"Exclusivo Mezcla Lightweight Full Queen Quilt Bedding Set, Soft Microfiber","B0CB6F24C4","https://www.amazon.com/dp/B0CB6F24C4?psc=1","https://m.media-amazon.com/images/I/71M4H2AXTAL._AC_SY355_.jpg","Exclusivo Mezcla",26.99,4131,288,400,130578.7,7935.73,74,10639,"CN",11.84,2,4.6,3370,6,89,"Exclusivo Mezcla","Home & Kitchen","Large Standard-Size","FBA","16.30 x 6.22 x 6.34 in",4.14,"N/A","Jul 5, 2023",,"No",38,"Exclusivo Mezcla"
153.,"Green Velvet Quilt Queen Size-Bedding Sets Luxury Soft Bedspread with Shams","B0GT4F2RDH","https://www.amazon.com/dp/B0GT4F2RDH?psc=1","https://m.media-amazon.com/images/I/81uW9vTig5L._AC_SY355_.jpg","BLOOMHAVEN",59.99,455,67,50,32307.45,4266.91,75,127150,"US",21.62,1,4.7,28,9,10,"BLOOMHAVEN INC.","Home & Kitchen","Large Standard-Size","FBA","16.61 x 7.09 x 12.83 in",7.61,"N/A","May 18, 2026",,"No",4,"BLOOMHAVEN INC."
154.,"King Quilt Set-3 Pieces Soft Bedding Lightweight Floral Patchwork Coverlet","B0FPXB2S9N","https://www.amazon.com/dp/B0FPXB2S9N?psc=1","https://m.media-amazon.com/images/I/91CEBEHrA+L._AC_SY355_.jpg","BLOOMHAVEN",49.98,2742,123,100,138844.17,7139.76,74,21898,"US",17.03,2,4.7,210,8,47,"BLOOMHAVEN INC.","Home & Kitchen","Large Standard-Size","FBA","15.98 x 4.61 x 12.80 in",6.46,"N/A","Sep 5, 2025",,"No",12,"BLOOMHAVEN INC."
155.,"palassio Striped White 100% Cotton Quilt King Size Bedding Sets, Lightweight Crinkly Channel Pick Stitch Textured Bedspread Soft Shabby Chic Farmhouse Country Coverlet for All Season, 2 Shams","B0DK8ZQHHT","https://www.amazon.com/dp/B0DK8ZQHHT?psc=1","https://m.media-amazon.com/images/I/81WNEsFZHdL._AC_SY355_.jpg","palassio",79.99,4508,171,200,333265.51,13694.07,191,7154,"CN",21.72,2,4.4,1300,8,128,"PALASSIO","Home & Kitchen","Large Standard-Size","FBA","17.04 x 6.30 x 12.56 in",8.64,"N/A","Dec 18, 2024",,"No",21,"PALASSIO"
156.,"Hansleep Queen Quilt White Quilts Queen Size 3 Pieces (1 Quilt, 2 Shams)","B089VSSTD9","https://www.amazon.com/dp/B089VSSTD9?psc=1","https://m.media-amazon.com/images/I/81NPo9ZNhYL._AC_SY355_.jpg","Hansleep",24.29,3463,496,600,105163.81,13086.48,72,13509,"CN",11.76,3,4.6,5868,8,24,"Hansleep US","Home & Kitchen","Large Standard-Size","FBA","14.68 x 7.28 x 7.36 in",4.81,"N/A","Jun 7, 2020",,"No",75,"Hansleep US"
157.,"WONGS BEDDING Boho Quilt Queen Size, 3 Pieces Soft Blue Stripe Bedding Set","B07VBJ5P7Z","https://www.amazon.com/dp/B07VBJ5P7Z?psc=1","https://m.media-amazon.com/images/I/911CzXYUgtL._AC_SY355_.jpg","WONGS BEDDING",28.39,2431,78,50,89765.7,2282.12,74,51309,"HK",12.75,2,4.6,11525,9,27,"Wongs bedding USA( Gift shop)","Home & Kitchen","Large Standard-Size","FBA","15.00 x 6.97 x 7.40 in",4.43,"N/A","Jul 18, 2019",,"No",86,"Wongs bedding USA( Gift shop)"
158.,"DJY Striped Quilt Set King Size, Grey Boho Striped Patchwork Leaves Printed Bedspread Coverlet Set 3 Pieces Soft Lightweight Microfiber Quilted Bedding Set for All Season (104""x90"")","B0DB4ZJWWJ","https://www.amazon.com/dp/B0DB4ZJWWJ?psc=1","https://m.media-amazon.com/images/I/81oiXosNAPL._AC_SY355_.jpg","DJY",26.31,1105,132,"N/A",40378.05,3620.94,181,80469,"CN",13.06,3,4.6,444,7,20,"DJY home us","Home & Kitchen","Large Standard-Size","FBA","15.91 x 6.85 x 7.17 in",4.59,"N/A","Jul 24, 2024",,"No",26,"DJY home us"
159.,"WONGS BEDDING Botanical King Size Quilt, 3 Pieces Bedspread Set, Sage Green","B0D75V86X9","https://www.amazon.com/dp/B0D75V86X9?psc=1","https://m.media-amazon.com/images/I/81HfDGdeoUL._AC_SY355_.jpg","WONGS BEDDING",35.87,1586,192,100,66219.71,8258.24,75,39239,"HK",15.19,3,4.6,605,8,43,"Wongs bedding USA( Gift shop)","Home & Kitchen","Large Standard-Size","FBA","16.42 x 6.97 x 7.40 in",5.03,"N/A","Sep 24, 2024",,"No",24,"Wongs bedding USA( Gift shop)"
160.,"SheRest Queen Quilt Bedding Set - Soft Breathable Bed Quilts, Modern Style Embossed Bedspreads, Lightweight Microfiber Reversible Coverlet for All Seasons, Cream, 3 Pieces (1 Quilt, 2 Pillow Shams)","B0DZ1R5XBG","https://www.amazon.com/dp/B0DZ1R5XBG?psc=1","https://m.media-amazon.com/images/I/71WGNIzE8fL._AC_SY355_.jpg","SheRest",25.49,2168,30,"N/A",57224.61,848.71,197,5672,"CN",12.77,1,4.3,319,9,61,"SheRest","Home & Kitchen","Large Standard-Size","FBA","14.48 x 5.98 x 12.99 in",4.81,"N/A","Feb 28, 2025",,"No",19,"SheRest"
161.,"GOONE XL Queen Quilt Set, Blue and White Floral, Reversible, 90"" × 96""","B0DQTVJBPS","https://www.amazon.com/dp/B0DQTVJBPS?psc=1","https://m.media-amazon.com/images/I/810jtKTLjjL._AC_SY355_.jpg","GOONE",34.99,959,79,"N/A",35364.29,2678.43,70,143956,"HK",13.64,1,4.6,354,9,14,"MAXSHINE","Home & Kitchen","Large Standard-Size","FBA","16.77 x 4.57 x 12.80 in",4.03,"N/A","Feb 4, 2025",,"No",19,"MAXSHINE"
162.,"Drucon Purple Floral Quilt Set King 3 PCs Purple Botanical Flower Quilt Set","B0BFDGBSW4","https://www.amazon.com/dp/B0BFDGBSW4?psc=1","https://m.media-amazon.com/images/I/81vWkESrwUL._AC_SY355_.jpg","Drucon",33.84,2287,32,"N/A",82827.68,1313.01,75,37758,"HK",13.2,1,4.5,2544,7,28,"GOODIDEA HOME","Home & Kitchen","Large Standard-Size","FBA","15.79 x 6.85 x 7.20 in",4.87,"N/A","Sep 14, 2022",,"No",48,"GOODIDEA HOME"
163.,"OARAGE Queen Quilt Bedding Set Soft Lightweight Olive Green Bedspread with Leaf Pattern, Ultrasonic Microfiber Bed Coverlet Full Size for All Season (1 Quilt, 2 Shams)","B0D8718HY7","https://www.amazon.com/dp/B0D8718HY7?psc=1","https://m.media-amazon.com/images/I/81G5XryPWaL._AC_SY355_.jpg","OARAGE",20.14,1390,213,300,39424.92,4611.13,167,33481,"CN",10.73,1,4.4,1038,8,37,"TAMMINO","Home & Kitchen","Large Standard-Size","FBA","13.15 x 3.98 x 10.43 in",4.3,"N/A","Jun 26, 2024",,"No",27,"TAMMINO"
164.,"Levtex Home - Maileen Quilt Set - King Quilt and Two King Shams - Floral - Bright Multi Color - Quilt (106x92in.) and Shams (20x36in.) - Reversible - Cotton","B0DW5PCD8J","https://www.amazon.com/dp/B0DW5PCD8J?psc=1","https://m.media-amazon.com/images/I/91dj9jGF67L._AC_SY355_.jpg","Levtex Home",144.49,1991,88,100,203700.69,10715.11,156,34855,"US",35.78,2,4.7,62,8,6,"Max&Taffy","Home & Kitchen","Large and Bulky","FBA","18.00 x 9.00 x 14.00 in",7.7,"N/A","Feb 5, 2025",,"No",19,"Max&Taffy"
165.,"Bedsure King Size Quilt - King Quilt Bedding Set Bedspread Coverlet, Lightweight Comforter Neutral Striped Bedding, 3-Piece Set with 106""x96"" Coverlet & 2 Pillow Shams, All-Season Soft","B0FH4ZBK86","https://www.amazon.com/dp/B0FH4ZBK86?psc=1","https://m.media-amazon.com/images/I/81ESlc5bjTL._AC_SY355_.jpg","Bedsure",55.49,1753,88,50,106063.65,5523.34,184,36208,"HK",19.02,1,4.6,1288,9,27,"Bedsure Sleep Solutions","Home & Kitchen","Large Standard-Size","FBA","14.84 x 7.60 x 8.03 in",6.89,"N/A","Nov 1, 2025",,"No",10,"Bedsure Sleep Solutions"
166.,"Bedsure Quilts Queen Size, Lightweight Comforter Set, Navy Bedspread","B01EJ7AZO0","https://www.amazon.com/dp/B01EJ7AZO0?psc=1","https://m.media-amazon.com/images/I/81BeAlCmL2L._AC_SY355_.jpg","Bedsure",37.99,8709,237,200,388282.56,9534.66,68,2806,"US",14.43,1,4.6,18160,9,164,"Bedsure  Collections","Home & Kitchen","Large Standard-Size","FBA","15.00 x 7.17 x 7.52 in",5.36,"N/A","Apr 19, 2016",,"No",125,"Bedsure  Collections"
167.,"EVERGRACEHOME Cotton Sateen Quilt Set, King Size, Cream","B0F1TP26XW","https://www.amazon.com/dp/B0F1TP26XW?psc=1","https://m.media-amazon.com/images/I/81UyZz5wsWL._AC_SY355_.jpg","EverGrace",104.49,1655,273,"N/A",170185.45,28709.47,55,21160,"US",26.54,3,4.4,337,9,43,"EVERGRACEHOME","Home & Kitchen","Large Standard-Size","FBA","17.20 x 6.22 x 13.19 in",9.83,"N/A","Mar 18, 2025",,"No",18,"EVERGRACEHOME"
168.,"ROARINGWILD Beige Cloud Queen Size Quilt Bedding Sets with Pillow Shams, Farmhouse Lightweight Soft Bedspread Coverlet, All Season Rustic Country Thin Comforter, 3 Pieces, 90x90 inches, Tan Cream","B0B42GCHNM","https://www.amazon.com/dp/B0B42GCHNM?psc=1","https://m.media-amazon.com/images/I/916gDfhdPfL._AC_SY355_.jpg","ROARINGWILD",30.59,2555,97,50,84342.04,3132.32,195,20705,"CN",13.98,1,4.4,2927,8,27,"ROARINGWILD Store","Home & Kitchen","Large Standard-Size","FBA","16.65 x 6.77 x 6.89 in",4.59,"N/A","Jun 14, 2022",,"No",51,"ROARINGWILD Store"
169.,"($) White Queen Quilt Bedding Set with 2 Pillow Shams, White Quilts Full Size","B00SFFOFY4","https://www.amazon.com/dp/B00SFFOFY4?psc=1","https://m.media-amazon.com/images/I/81Icf0a1kML._AC_SY355_.jpg","Southshore Fine Living, Inc.",54.99,9580,303,300,519647.93,16672.36,73,6682,"US",17.72,3,4.6,13910,9,97,"SouthShore Fine Living, Inc.","Home & Kitchen","Large Standard-Size","FBA","15.87 x 7.09 x 10.87 in",7.23,"N/A","Jan 19, 2015","Sponsored","No",140,"SouthShore Fine Living, Inc."
170.,"($) 100% Cotton Beige Bedding Queen Size Quilt Set, Geometric Matelasse","B0FZHX1FPF","https://www.amazon.com/dp/B0FZHX1FPF?psc=1","https://m.media-amazon.com/images/I/71XN+i-CEzL._AC_SY355_.jpg","AJOCCI",106.99,1439,14,"N/A",135352.1,1399.28,67,72341,"CN",25.77,1,4.5,250,8,15,"MEIZIZI","Home & Kitchen","Large Standard-Size","FBA","16.06 x 4.41 x 12.05 in",6.7,"N/A","Nov 3, 2025","Sponsored","No",10,"MEIZIZI"
171.,"($) Secgo King Size Comforter Set- 100% Cotton Quilt King Size Set, Green, Sage bedspreads (96 * 108 Inch) with 2 Pillow Shams, Patchwork Reversible Lightweight Bedding","B091CBY73X","https://www.amazon.com/dp/B091CBY73X?psc=1","https://m.media-amazon.com/images/I/810qfdjn0qL._AC_SY355_.jpg","Secgo",85.49,4961,400,400,546681.75,36025.2,164,8178,"CN",24.04,2,4.6,6897,6,72,"Brindille","Home & Kitchen","Large Standard-Size","FBA","17.09 x 4.61 x 12.56 in",7.85,"N/A","May 10, 2021","Sponsored","No",64,"Brindille"
172.,"($) Exclusivo Mezcla Lightweight Full Queen Quilt Bedding Set, Soft Microfiber","B0CB6F24C4","https://www.amazon.com/dp/B0CB6F24C4?psc=1","https://m.media-amazon.com/images/I/71M4H2AXTAL._AC_SY355_.jpg","Exclusivo Mezcla",26.99,4131,288,400,130578.7,7935.73,74,10639,"CN",11.84,2,4.6,3370,6,89,"Exclusivo Mezcla","Home & Kitchen","Large Standard-Size","FBA","16.30 x 6.22 x 6.34 in",4.14,"N/A","Jul 5, 2023","Sponsored","No",38,"Exclusivo Mezcla"
173.,"($) EVERGRACEHOME 100% Cotton Box Stitch Quilt Set, Queen Size, Olive Green","B0F1T4ZFHF","https://www.amazon.com/dp/B0F1T4ZFHF?psc=1","https://m.media-amazon.com/images/I/81NL2a4meiL._AC_SY355_.jpg","EVERGRACEHOME",90.24,1507,68,50,139291.36,6169.96,71,22136,"US",22.76,1,4.5,341,9,41,"EVERGRACEHOME","Home & Kitchen","Large Standard-Size","FBA","17.13 x 4.96 x 13.35 in",7.76,"N/A","Mar 17, 2025","Sponsored","No",18,"EVERGRACEHOME"